Group,SubID,RawAge,Age,Gender,Education,Condition,Experiment,Parent,when.read,when.help,when.number,when.objperm,when.gravity,when.face,when.depth,when.color,when.hear,when.see,when.angle,when.gaze,when.smnum,when.wash,how.read,how.help,how.number,how.objperm,how.gravity,how.face,how.depth,how.color,how.hear,how.see,how.angle,how.gaze,how.smnum,how.wash,religion,religion.cate,political,courses
mturk,1,,30,F,1,1,1,Y,5,4,5,4,3,2,2,4,1,1,,,,,T,T,T,T,O,B,B,T,B,B,,,,,,,,N
mturk,2,,30,F,2,1,1,Y,5,4,4,4,3,4,4,3,1,1,,,,,T,T,,,O,O,B,A,,B,,,,,,,,Y
mturk,3,,30,F,3,1,1,N,5,5,3,2,2,4,3,3,1,1,,,,,T,,O,,O,,O,T,B,,,,,,,,,Y
mturk,4,,40,F,2,1,1,Y,5,5,5,3,4,4,4,2,1,1,,,,,T,T,T,O,O,O,O,O,B,B,,,,,,,,N
mturk,5,,30,F,3,1,1,N,5,5,4,2,4,5,4,5,2,1,,,,,T,T,,O,O,,O,T,B,B,,,,,,,,N
mturk,6,,20,M,1,1,1,N,5,4,3,2,2,3,3,2,1,1,,,,,T,,O,O,O,O,O,B,B,B,,,,,,,,Y
mturk,7,,30,F,3,1,1,N,5,4,3,4,4,2,3,2,1,1,,,,,T,T,O,O,O,O,O,B,B,B,,,,,,,,N
mturk,8,,60,M,2,1,1,Y,4,4,3,4,4,2,4,2,1,1,,,,,O,O,O,A,O,A,A,A,B,B,,,,,,,,N
mturk,9,,20,M,2,1,1,N,5,4,3,3,3,1,3,1,1,1,,,,,T,O,O,O,O,B,O,B,B,B,,,,,,,,N
mturk,10,,20,F,2,1,1,N,5,4,3,3,4,3,4,3,1,1,,,,,T,O,O,O,O,B,,O,B,,,,,,,,,Y
mturk,11,,40,M,3,1,1,Y,5,3,3,3,3,1,4,2,2,1,,,,,T,T,,O,O,B,B,B,B,B,,,,,,,,N
mturk,12,,60,F,2,1,1,N,4,5,3,4,4,3,4,3,1,1,,,,,T,A,B,A,O,B,A,T,B,B,,,,,,,,N
mturk,13,,40,F,3,1,1,Y,5,2,3,3,2,2,2,3,1,1,,,,,T,B,,A,O,O,B,O,B,B,,,,,,,,Y
mturk,14,,30,F,1,1,1,Y,5,4,3,3,2,3,3,3,1,1,,,,,T,T,O,,O,O,O,T,B,B,,,,,,,,Y
mturk,15,,40,F,2,1,1,N,5,4,2,2,4,2,4,2,1,1,,,,,T,,,,,B,T,A,B,B,,,,,,,,N
mturk,16,,30,F,3,1,1,N,5,5,3,3,3,4,3,1,1,1,,,,,T,O,O,O,O,O,O,B,B,B,,,,,,,,N
mturk,17,,40,F,3,1,1,Y,5,4,5,3,4,4,3,3,2,1,,,,,T,T,O,O,T,O,O,O,B,B,,,,,,,,Y
mturk,18,,40,F,1,1,1,Y,5,4,4,4,4,3,4,5,1,1,,,,,O,O,O,O,O,O,O,T,B,B,,,,,,,,N
mturk,19,,60,F,1,1,1,Y,5,5,5,3,5,2,5,4,3,6,,,,,T,,O,,,,,O,,O,,,,,,,,
mturk,20,,20,M,1,1,1,N,5,3,5,3,2,1,2,2,1,1,,,,,T,T,T,O,O,O,O,B,B,B,,,,,,,,N
mturk,21,,40,M,2,1,1,Y,4,2,2,2,2,2,2,3,1,1,,,,,O,A,O,O,A,A,A,O,B,B,,,,,,,,N
mturk,22,,40,M,2,1,1,Y,5,5,2,3,4,1,3,2,2,1,,,,,T,A,A,O,O,B,A,A,A,B,,,,,,,,N
mturk,23,,40,F,2,1,1,Y,5,4,4,3,4,4,4,2,1,1,,,,,O,O,T,O,O,O,,B,B,B,,,,,,,,N
mturk,24,,20,M,3,1,1,Y,4,4,4,3,3,2,3,4,1,2,,,,,,,T,,,,,A,B,A,,,,,,,,Y
mturk,25,,40,F,1,1,1,Y,5,5,4,4,3,5,5,4,1,2,,,,,T,T,O,,T,T,T,T,B,A,,,,,,,,N
mturk,26,,30,M,2,1,1,N,4,4,3,4,3,2,4,3,1,1,,,,,T,O,T,O,O,O,O,T,B,B,,,,,,,,N
mturk,27,,30,M,2,1,1,N,5,4,4,3,3,3,3,4,1,1,,,,,T,T,,O,O,,A,O,B,B,,,,,,,,N
mturk,29,,30,F,1,1,1,Y,5,4,4,4,3,4,5,3,1,2,,,,,T,T,,,A,O,T,T,,A,,,,,,,,N
mturk,30,,40,F,1,1,1,N,5,4,3,3,3,3,2,3,1,1,,,,,T,,A,,,,,A,B,B,,,,,,,,N
mturk,31,,60,M,4,1,1,N,5,3,3,2,3,2,3,2,1,1,,,,,T,T,O,O,O,T,O,B,B,B,,,,,,,,N
mturk,32,,30,M,2,1,1,N,5,4,4,4,4,4,4,4,1,1,,,,,T,T,T,O,O,A,O,O,B,B,,,,,,,,N
mturk,33,,60,M,3,1,1,N,3,4,3,2,3,1,3,3,1,1,,,,,T,O,O,O,O,B,O,O,B,B,,,,,,,,N
mturk,34,,40,F,2,1,1,Y,5,5,4,4,2,4,4,3,1,1,,,,,T,,B,O,O,O,O,T,B,B,,,,,,,,N
mturk,35,,40,M,1,1,1,Y,5,3,5,2,3,2,3,4,1,1,,,,,T,B,T,,O,O,B,T,B,B,,,,,,,,Y
mturk,36,,30,F,2,1,1,N,5,4,2,3,2,2,3,3,1,1,,,,,T,T,B,O,O,O,O,T,B,B,,,,,,,,N
mturk,37,,30,F,1,1,1,Y,5,3,5,4,2,4,3,3,1,1,,,,,T,T,T,O,O,O,A,T,B,B,,,,,,,,N
mturk,38,,40,M,2,1,1,Y,4,4,4,4,2,2,3,2,1,1,,,,,T,B,T,O,O,O,O,O,B,B,,,,,,,,N
mturk,39,,30,F,2,1,1,Y,5,5,5,3,5,4,5,4,1,1,,,,,O,O,O,,,,B,O,B,B,,,,,,,,N
mturk,40,,30,F,1,1,1,N,5,3,3,4,3,1,3,4,1,1,,,,,T,T,O,O,O,B,O,O,B,B,,,,,,,,N
mturk,41,,60,M,1,1,1,N,4,4,4,4,3,1,4,2,1,1,,,,,T,T,O,,,O,O,A,B,B,,,,,,,,Y
mturk,42,,40,M,2,1,1,N,5,4,3,3,3,2,2,2,1,1,,,,,T,,O,O,O,O,A,A,B,B,,,,,,,,N
mturk,43,,20,F,1,1,1,N,4,4,5,3,3,2,4,2,1,1,,,,,T,T,T,O,O,O,T,O,B,B,,,,,,,,N
mturk,44,,60,M,2,1,1,Y,4,5,3,4,3,1,3,3,1,1,,,,,T,,,,O,B,O,,B,B,,,,,,,,N
mturk,45,,40,F,2,1,1,Y,5,2,4,4,2,4,5,1,1,1,,,,,T,T,,,O,,B,B,B,B,,,,,,,,N
mturk,46,,30,M,2,1,1,N,5,5,4,3,2,3,3,4,1,1,,,,,T,T,O,O,O,O,O,T,B,B,,,,,,,,Y
mturk,47,,30,F,2,1,1,Y,5,4,4,3,2,2,3,4,1,1,,,,,T,,T,O,O,O,O,T,B,B,,,,,,,,N
mturk,48,,60,M,2,1,1,N,5,4,5,4,4,4,5,5,3,2,,,,,T,T,T,O,T,T,O,T,O,B,,,,,,,,N
mturk,49,,20,F,2,1,1,N,5,3,4,3,2,3,4,3,1,1,,,,,T,T,T,O,O,O,T,O,B,B,,,,,,,,N
mturk,50,,30,F,2,1,1,N,4,3,3,2,3,3,2,3,1,1,,,,,T,T,O,O,O,O,,O,B,A,,,,,,,,N
mturk,51,,20,F,1,2,1,Y,5,4,3,3,3,2,4,4,1,1,,,,,O,O,,O,O,O,O,O,B,B,,,,,,,,N
mturk,52,,30,F,3,2,1,Y,5,4,4,3,3,4,4,3,1,1,,,,,T,T,T,A,O,O,O,T,B,B,,,,,,,,Y
mturk,53,,40,M,1,2,1,N,4,5,4,3,2,1,4,4,1,1,,,,,T,,B,,O,B,,O,B,B,,,,,,,,N
mturk,54,,30,F,2,2,1,Y,5,5,4,2,4,1,4,4,1,1,,,,,O,,,,O,,,,B,B,,,,,,,,N
mturk,55,,40,F,3,2,1,Y,5,3,5,3,3,3,1,4,1,1,,,,,T,O,T,O,O,O,B,T,B,B,,,,,,,,Y
mturk,56,,30,M,2,2,1,N,5,5,5,4,4,2,4,4,2,2,,,,,T,O,,,O,,,,,,,,,,,,,Y
mturk,57,,20,M,2,2,1,N,5,3,4,4,3,2,4,2,1,1,,,,,T,T,,,O,B,,A,B,B,,,,,,,,Y
mturk,58,,20,F,2,2,1,N,5,5,4,3,3,3,5,4,1,1,,,,,T,T,T,,O,O,T,T,B,B,,,,,,,,N
mturk,59,,20,F,1,2,1,N,4,5,4,4,3,2,3,3,1,1,,,,,T,O,T,O,,O,,O,B,B,,,,,,,,Y
mturk,60,,30,M,1,2,1,N,4,4,3,4,3,3,3,2,1,1,,,,,,,,,,B,,B,,,,,,,,,,Y
mturk,61,,30,M,2,2,1,N,3,4,4,1,2,3,3,3,1,1,,,,,T,O,,O,O,O,T,B,B,B,,,,,,,,N
mturk,62,,30,F,2,2,1,N,5,5,3,3,2,3,4,2,1,1,,,,,T,T,T,O,O,O,T,T,B,B,,,,,,,,N
mturk,63,,40,F,1,2,1,Y,5,4,4,3,2,3,4,2,1,1,,,,,T,,O,O,B,O,B,A,B,B,,,,,,,,Y
mturk,64,,60,F,2,2,1,Y,5,5,5,4,3,4,5,4,1,1,,,,,O,O,O,,O,O,O,,B,B,,,,,,,,N
mturk,65,,20,F,2,2,1,N,5,5,3,2,3,2,3,1,1,1,,,,,T,T,B,O,O,O,O,B,B,B,,,,,,,,Y
mturk,66,,20,M,2,2,1,N,3,4,2,2,2,1,2,1,1,1,,,,,T,,T,B,O,B,B,B,B,B,,,,,,,,Y
mturk,67,,30,F,2,2,1,N,4,5,5,4,3,2,4,3,1,1,,,,,T,T,T,T,O,O,O,B,B,B,,,,,,,,N
mturk,68,,30,M,1,2,1,Y,4,3,3,3,2,1,1,1,1,1,,,,,T,B,T,O,O,B,B,B,B,B,,,,,,,,N
mturk,69,,30,F,2,2,1,N,5,5,4,5,4,4,3,4,1,1,,,,,T,T,O,O,O,O,O,B,B,B,,,,,,,,N
mturk,70,,30,F,2,2,1,N,5,3,2,2,2,2,3,2,1,1,,,,,O,O,O,,O,O,A,A,B,A,,,,,,,,N
mturk,71,,40,F,2,2,1,Y,5,4,2,3,3,2,3,3,1,1,,,,,T,O,O,O,O,,O,,B,B,,,,,,,,Y
mturk,72,,20,M,2,2,1,N,4,3,3,3,3,2,2,1,1,1,,,,,T,B,T,,O,O,O,B,B,B,,,,,,,,N
mturk,73,,40,F,2,2,1,Y,5,4,4,3,2,2,4,2,1,1,,,,,T,O,A,O,O,O,T,A,B,B,,,,,,,,N
mturk,74,,40,M,2,2,1,Y,4,4,4,3,2,2,2,3,1,1,,,,,T,O,,O,O,A,,,B,B,,,,,,,,N
mturk,75,,30,F,2,2,1,Y,4,4,5,3,2,3,5,4,2,2,,,,,T,,T,,O,T,A,T,O,,,,,,,,,N
mturk,76,,40,F,2,2,1,N,4,4,5,4,4,1,5,2,1,1,,,,,O,T,O,O,O,,O,B,B,B,,,,,,,,Y
mturk,77,,40,F,1,2,1,Y,5,4,5,5,3,3,5,3,1,1,,,,,O,O,,,O,,O,B,B,B,,,,,,,,Y
mturk,78,,60,F,1,2,1,N,5,4,4,5,4,5,5,4,1,1,,,,,T,,,,,,T,T,B,B,,,,,,,,N
mturk,79,,30,F,2,2,1,Y,5,2,4,3,1,3,3,3,1,1,,,,,T,,O,A,B,A,O,O,B,B,,,,,,,,N
mturk,80,,20,F,2,2,1,N,3,3,3,3,3,1,3,2,1,1,,,,,T,,,O,,B,,O,B,B,,,,,,,,Y
mturk,81,,30,F,2,2,1,N,5,5,4,4,2,2,4,3,1,1,,,,,T,,O,O,,B,O,O,B,B,,,,,,,,N
mturk,82,,40,M,4,2,1,Y,4,3,5,3,3,2,2,1,1,1,,,,,T,T,,O,,,A,B,B,B,,,,,,,,Y
mturk,83,,40,F,2,2,1,Y,5,4,3,4,2,1,2,3,1,1,,,,,T,O,O,O,O,,O,T,B,B,,,,,,,,N
mturk,84,,20,M,3,2,1,N,5,4,4,3,3,4,6,4,1,1,,,,,T,B,,,O,A,O,O,B,,,,,,,,,N
mturk,85,,30,F,1,2,1,N,5,4,3,3,2,1,1,1,1,1,,,,,T,,O,O,O,O,O,B,B,B,,,,,,,,N
mturk,86,,60,F,3,2,1,N,1,5,4,3,2,2,4,4,1,1,,,,,T,T,T,T,O,O,O,O,A,B,,,,,,,,N
mturk,87,,30,M,2,2,1,N,5,4,4,4,3,2,4,4,2,1,,,,,T,T,,O,O,B,,,B,B,,,,,,,,N
mturk,88,,40,M,2,2,1,N,4,2,4,4,2,4,5,3,1,1,,,,,T,T,T,,O,O,T,T,B,B,,,,,,,,N
mturk,89,,30,M,2,2,1,N,3,2,2,2,1,1,4,1,1,1,,,,,T,B,B,,O,,T,,B,B,,,,,,,,N
mturk,90,,30,,1,2,1,Y,4,5,5,4,4,3,2,1,1,1,,,,,T,O,O,O,O,O,,B,B,B,,,,,,,,N
mturk,91,,30,M,3,2,1,N,3,3,5,3,2,2,1,4,1,1,,,,,,,,,,,,,B,B,,,,,,,,N
mturk,92,,30,M,2,2,1,N,5,4,4,3,2,1,2,4,1,1,,,,,T,,T,O,O,B,O,T,B,B,,,,,,,,Y
mturk,93,,30,F,2,2,1,N,4,5,4,3,4,2,4,4,1,1,,,,,T,O,O,T,O,O,O,O,B,B,,,,,,,,N
mturk,94,,40,M,2,2,1,Y,,4,3,1,5,5,1,4,1,3,,,,,T,,,,B,,,T,,B,,,,,,,,N
mturk,95,,30,M,2,2,1,Y,4,3,4,3,2,3,3,2,2,1,,,,,T,O,O,O,T,O,O,O,B,B,,,,,,,,N
mturk,96,,30,M,4,2,1,N,4,3,3,2,2,2,2,1,1,1,,,,,T,O,O,O,O,B,A,B,B,B,,,,,,,,N
mturk,97,,20,F,2,2,1,N,4,5,4,2,2,3,3,4,1,1,,,,,T,T,,O,O,,B,T,B,B,,,,,,,,N
mturk,98,,40,F,2,2,1,Y,4,3,4,3,2,2,3,3,1,1,,,,,T,O,T,O,O,O,O,O,B,B,,,,,,,,N
mturk,99,,40,F,2,2,1,Y,5,3,2,2,2,1,1,4,1,1,,,,,T,O,O,O,O,B,B,T,B,B,,,,,,,,N
mturk,100,,30,F,2,2,1,N,5,5,5,4,4,3,4,4,1,1,,,,,O,O,,O,O,A,A,T,B,B,,,,,,,,N
mturk,101,,60,M,2,2,1,Y,5,4,4,4,2,3,3,2,1,1,,,,,T,T,O,,,B,,,B,B,,,,,,,,N
mturk,107,,40,M,2,1,1,Y,4,5,5,5,4,3,5,4,4,1,,,,,T,,O,,O,O,,T,B,B,,,,,,,,N
wording,52,,20,F,2,tell,2,Y,5,5,4,4,2,3,3,3,1,1,,,,,O,,T,,O,,,T,B,B,,,,,,,,
wording,53,,20,F,2,tell,2,Y,4,3,3,3,2,3,3,2,1,1,,,,,T,T,,T,B,B,T,B,B,,,,,,,,,
wording,54,,40,F,1,tell,2,N,4,3,3,2,3,2,3,2,1,1,,,,,T,T,T,,O,A,T,T,B,B,,,,,,,,
wording,55,,30,M,2,tell,2,N,4,3,3,2,3,2,2,2,1,1,,,,,T,O,A,O,A,B,A,A,B,B,,,,,,,,
wording,56,,30,F,1,tell,2,Y,4,4,4,2,3,3,4,3,1,1,,,,,O,O,O,O,O,O,O,O,B,B,,,,,,,,
wording,57,,20,F,2,tell,2,N,6,4,3,2,3,4,3,3,1,1,,,,,T,B,,,,B,,B,B,B,,,,,,,,
wording,58,,20,M,1,tell,2,N,5,4,4,3,4,3,2,4,1,1,,,,,T,B,T,B,B,B,B,T,B,B,,,,,,,,
wording,59,,40,M,1,tell,2,Y,4,3,3,2,2,2,2,2,1,1,,,,,T,,B,B,O,O,B,A,B,B,,,,,,,,
wording,60,,30,F,2,tell,2,N,4,4,3,2,3,2,3,2,1,1,,,,,T,B,B,B,O,O,T,T,B,B,,,,,,,,
wording,61,,30,M,2,tell,2,N,5,4,3,3,2,3,2,2,1,1,,,,,O,O,O,O,O,O,O,B,B,B,,,,,,,,
wording,62,,30,F,1,tell,2,N,4,3,3,2,3,2,2,3,1,1,,,,,T,T,T,O,,O,O,T,B,B,,,,,,,,
wording,63,,20,F,2,tell,2,N,3,3,3,2,2,2,3,2,1,1,,,,,T,T,,O,O,,O,,,,,,,,,,,
wording,64,,30,M,2,tell,2,N,5,,5,,,4,,3,1,1,,,,,T,T,T,O,O,O,B,B,B,B,,,,,,,,
wording,65,,40,F,3,tell,2,N,3,3,5,3,4,3,5,4,3,4,,,,,O,O,O,O,O,O,O,O,O,O,,,,,,,,
wording,66,,20,M,2,tell,2,N,3,5,4,3,2,2,2,3,1,1,,,,,T,T,,T,T,T,T,,B,B,,,,,,,,
wording,67,,40,F,1,tell,2,Y,5,3,4,4,,2,2,3,1,1,,,,,T,T,T,T,B,O,T,T,B,B,,,,,,,,
wording,69,,30,F,2,tell,2,Y,4,3,2,2,2,3,2,3,1,1,,,,,O,T,,O,O,O,,O,B,B,,,,,,,,
wording,70,,40,M,1,tell,2,N,3,3,3,2,2,1,3,2,1,1,,,,,O,T,,,O,B,O,O,B,B,,,,,,,,
wording,74,,60,F,1,tell,2,Y,4,4,4,3,4,3,4,2,1,1,,,,,T,,O,,O,A,T,O,B,B,,,,,,,,
wording,76,,30,F,1,tell,2,N,5,4,3,3,4,4,4,3,1,1,,,,,T,T,O,O,O,O,O,T,B,B,,,,,,,,
wording,77,,30,F,2,tell,2,N,4,3,5,3,2,3,2,4,1,1,,,,,T,B,B,O,O,O,O,T,B,B,,,,,,,,
wording,78,,30,M,2,tell,2,N,4,4,5,4,2,3,3,2,1,1,,,,,T,T,O,T,O,A,B,B,B,B,,,,,,,,
wording,80,,30,M,3,tell,2,N,5,5,5,2,2,4,2,5,1,1,,,,,T,T,T,,O,,B,T,,B,,,,,,,,
wording,81,,30,M,2,tell,2,Y,5,4,3,3,4,1,4,2,1,1,,,,,O,T,B,O,O,B,B,B,B,B,,,,,,,,
wording,82,,20,M,1,tell,2,Y,5,4,3,3,3,2,4,2,1,1,,,,,O,A,,A,O,O,,A,B,B,,,,,,,,
wording,83,,40,M,1,tell,2,N,4,3,3,2,2,1,2,1,1,1,,,,,T,B,O,O,B,B,O,B,B,B,,,,,,,,
wording,84,,30,M,2,tell,2,Y,3,3,3,2,3,2,2,2,1,1,,,,,T,T,T,O,O,O,O,T,B,B,,,,,,,,
wording,85,,60,M,3,tell,2,N,5,4,3,3,3,3,3,2,2,1,,,,,T,B,T,B,B,T,B,T,B,B,,,,,,,,
wording,86,,40,M,1,tell,2,N,4,3,3,3,3,3,3,2,1,1,,,,,T,B,B,B,B,B,B,B,B,B,,,,,,,,
wording,87,,30,M,1,tell,2,N,5,3,3,4,2,1,3,2,1,,,,,,T,B,O,O,O,B,B,B,B,B,,,,,,,,
wording,88,,40,F,2,tell,2,Y,5,4,4,2,3,3,,3,1,1,,,,,T,T,,,O,,,B,B,B,,,,,,,,
wording,89,,60,F,2,tell,2,N,4,3,4,2,3,3,3,4,1,1,,,,,T,T,T,B,O,T,T,T,B,B,,,,,,,,
wording,90,,30,F,2,tell,2,Y,5,4,3,4,3,4,3,3,1,1,,,,,T,O,O,O,O,O,O,T,B,B,,,,,,,,
wording,91,,40,F,3,tell,2,Y,5,4,3,3,2,1,2,2,1,1,,,,,T,O,O,O,O,B,O,A,B,B,,,,,,,,
wording,92,,40,F,3,tell,2,Y,4,3,3,2,3,3,3,2,1,1,,,,,T,O,T,O,O,O,O,T,B,B,,,,,,,,
wording,93,,40,M,2,tell,2,N,4,3,3,2,2,1,2,3,1,1,,,,,T,T,O,O,O,B,O,B,B,B,,,,,,,,
wording,94,,30,M,2,tell,2,N,5,3,4,4,4,2,4,4,3,1,,,,,O,O,,O,,O,O,T,A,B,,,,,,,,
wording,95,,20,M,2,tell,2,N,3,3,3,2,2,2,3,2,1,1,,,,,O,,,,O,,,O,,B,,,,,,,,
wording,96,,30,M,2,tell,2,N,4,3,2,2,2,2,2,2,1,1,,,,,T,O,O,O,O,,O,O,B,B,,,,,,,,
wording,97,,40,F,2,tell,2,N,4,4,4,2,2,3,4,3,1,1,,,,,T,O,T,O,O,,O,T,B,B,,,,,,,,
wording,98,,60,F,2,tell,2,N,4,2,3,3,3,1,3,2,1,1,,,,,T,O,,O,O,B,O,,B,B,,,,,,,,
wording,99,,40,F,2,tell,2,Y,4,4,4,3,3,4,3,3,2,1,,,,,T,O,T,O,,O,,O,A,B,,,,,,,,
wording,100,,40,F,2,tell,2,Y,4,2,3,2,2,2,3,2,1,1,,,,,T,T,T,B,O,,T,,B,B,,,,,,,,
wording,102,,30,F,3,tell,2,Y,4,3,3,2,2,2,2,3,1,1,,,,,T,T,O,A,B,,A,T,B,B,,,,,,,,
wording,103,,30,F,1,tell,2,Y,4,4,3,3,2,3,3,2,1,1,,,,,T,O,T,A,O,,T,B,B,B,,,,,,,,
wording,104,,20,M,2,tell,2,N,4,4,2,3,2,1,2,1,1,1,,,,,O,O,B,O,O,O,,,B,B,,,,,,,,
wording,105,,30,F,1,tell,2,Y,5,4,6,4,4,3,3,3,1,1,,,,,T,T,T,O,O,A,O,,B,B,,,,,,,,
wording,106,,30,M,1,tell,2,N,4,3,3,2,3,3,2,3,2,2,,,,,A,A,A,A,A,A,A,A,A,B,,,,,,,,
wording,107,,40,F,3,tell,2,Y,5,4,4,2,2,3,3,3,1,1,,,,,O,O,O,O,O,O,O,A,B,B,,,,,,,,
wording,108,,20,F,1,tell,2,Y,4,3,4,2,2,3,2,3,1,1,,,,,O,,,,O,O,O,O,B,,,,,,,,,
wording,109,,20,M,1,tell,2,N,4,4,3,2,3,2,2,3,1,1,,,,,O,,,,O,A,,,B,B,,,,,,,,
wording,111,,30,M,2,behavior,2,Y,7,4,2,2,1,6,7,7,6,3,,,,,T,,O,O,,,O,T,,,,,,,,,,
wording,112,,20,M,1,behavior,2,N,3,4,3,3,4,2,2,2,1,1,,,,,,,,,T,B,B,B,B,B,,,,,,,,
wording,113,,20,F,2,behavior,2,N,4,4,4,4,4,2,3,2,1,1,,,,,T,O,O,O,O,B,O,B,B,B,,,,,,,,
wording,114,,30,F,2,behavior,2,N,4,3,3,3,3,2,2,2,1,1,,,,,T,O,O,,,O,,B,B,B,,,,,,,,
wording,115,,20,F,1,behavior,2,Y,3,4,4,3,3,1,2,1,1,1,,,,,T,O,O,O,,B,,B,B,B,,,,,,,,
wording,116,,40,M,3,behavior,2,Y,3,3,2,1,2,1,1,1,1,1,,,,,T,,O,O,O,O,O,B,B,B,,,,,,,,
wording,117,,30,F,1,behavior,2,Y,5,2,2,3,4,1,4,3,1,1,,,,,O,O,,O,B,,O,O,B,B,,,,,,,,
wording,118,,30,M,2,behavior,2,N,3,3,2,3,3,3,2,2,1,3,,,,,T,T,,,O,T,O,,,,,,,,,,,
wording,119,,60,F,1,behavior,2,N,4,2,3,3,2,1,2,1,1,1,,,,,T,O,O,O,O,B,O,B,B,B,,,,,,,,
wording,120,,60,F,2,behavior,2,N,4,3,3,2,2,1,1,2,1,1,,,,,T,O,O,B,B,B,O,,B,B,,,,,,,,
wording,121,,40,M,4,behavior,2,N,4,4,3,3,3,2,2,1,1,1,,,,,T,T,O,O,B,B,O,B,B,B,,,,,,,,
wording,122,,60,M,2,behavior,2,Y,5,3,3,2,4,2,2,1,1,1,,,,,,,O,O,O,,,B,B,B,,,,,,,,
wording,123,,30,M,2,behavior,2,N,5,5,4,4,3,1,2,4,1,1,,,,,T,T,,,,,,T,B,B,,,,,,,,
wording,124,,30,F,2,behavior,2,N,5,4,4,3,4,2,3,3,1,1,,,,,O,O,,O,O,,O,O,B,,,,,,,,,
wording,125,,40,F,3,behavior,2,Y,4,3,3,4,2,1,1,1,1,1,,,,,T,T,O,,B,B,B,B,B,B,,,,,,,,
wording,126,,20,F,2,behavior,2,N,4,3,3,2,2,2,2,1,1,1,,,,,T,T,O,O,O,O,T,B,B,B,,,,,,,,
wording,127,,30,M,3,behavior,2,N,4,4,3,3,2,2,2,1,1,1,,,,,T,T,O,O,A,B,B,B,B,B,,,,,,,,
wording,128,,30,M,1,behavior,2,N,5,5,3,3,3,2,3,3,1,1,,,,,T,O,O,O,B,B,O,,B,B,,,,,,,,
wording,129,,40,F,3,behavior,2,Y,5,5,4,3,4,2,3,3,2,1,,,,,T,,,,,,,,,B,,,,,,,,
wording,130,,30,F,2,behavior,2,Y,4,4,3,2,3,2,2,1,1,1,,,,,T,O,T,O,B,O,O,B,B,B,,,,,,,,
wording,131,,30,M,1,behavior,2,Y,5,3,3,3,3,1,3,1,1,1,,,,,T,O,O,O,O,,O,B,B,B,,,,,,,,
wording,132,,40,M,2,behavior,2,Y,4,3,3,2,3,2,1,2,1,1,,,,,T,O,O,B,O,O,B,B,B,B,,,,,,,,
wording,133,,30,F,3,behavior,2,Y,5,4,4,4,2,3,3,3,1,1,,,,,T,O,,O,,,,A,B,B,,,,,,,,
wording,134,,30,M,2,behavior,2,N,4,4,2,4,3,2,2,2,1,1,,,,,T,O,,,B,O,,,B,B,,,,,,,,
wording,135,,40,F,2,behavior,2,Y,4,4,3,2,3,3,2,3,1,1,,,,,T,B,O,O,,B,B,O,B,B,,,,,,,,
wording,136,,20,F,1,behavior,2,Y,4,3,3,2,3,2,2,2,1,1,,,,,T,T,O,,O,O,O,O,B,B,,,,,,,,
wording,137,,60,F,2,behavior,2,N,4,4,3,2,2,1,2,2,1,1,,,,,T,T,A,A,A,B,A,A,B,B,,,,,,,,
wording,138,,40,F,2,behavior,2,N,4,4,4,4,4,2,4,2,1,1,,,,,T,O,T,T,T,O,,,B,,,,,,,,,
wording,139,,40,F,2,behavior,2,Y,5,2,2,2,2,1,2,1,1,1,,,,,T,B,,,,B,,B,B,B,,,,,,,,
wording,140,,60,F,2,behavior,2,N,5,3,3,3,2,3,2,1,1,1,,,,,T,O,O,O,O,B,O,B,B,B,,,,,,,,
wording,141,,40,M,2,behavior,2,Y,3,2,2,2,3,2,1,1,1,1,,,,,O,O,O,O,O,,O,A,B,B,,,,,,,,
wording,142,,30,M,2,behavior,2,N,4,3,3,3,4,3,2,1,1,1,,,,,T,B,,B,B,B,,B,B,B,,,,,,,,
wording,143,,60,M,2,behavior,2,N,5,4,3,2,4,3,2,3,2,1,,,,,O,,,,B,,,B,,B,,,,,,,,
wording,144,,40,F,2,behavior,2,Y,5,4,4,2,3,1,2,3,1,1,,,,,T,O,,O,T,B,O,,B,B,,,,,,,,
wording,145,,30,F,2,behavior,2,Y,4,2,3,2,2,3,2,3,1,1,,,,,O,,,A,A,,,A,B,B,,,,,,,,
wording,146,,30,F,2,behavior,2,Y,5,3,3,3,2,2,2,1,1,1,,,,,T,O,,O,O,O,O,B,B,B,,,,,,,,
wording,147,,30,M,1,behavior,2,Y,6,4,3,3,6,2,3,3,1,1,,,,,O,O,,O,B,O,O,B,B,,,,,,,,,
wording,148,,40,,1,behavior,2,N,5,3,4,2,4,1,2,2,1,1,,,,,T,B,B,T,O,O,B,,B,B,,,,,,,,
wording,149,,30,M,4,behavior,2,Y,3,5,2,2,2,5,4,3,1,1,,,,,O,,O,O,O,T,O,O,B,B,,,,,,,,
wording,150,,30,F,2,behavior,2,N,5,3,3,2,2,2,2,2,1,1,,,,,T,B,B,B,O,B,O,A,B,B,,,,,,,,
wording,151,,40,M,2,behavior,2,Y,3,3,3,2,2,2,2,2,1,1,,,,,T,O,O,O,T,O,O,B,B,B,,,,,,,,
wording,152,,30,M,2,behavior,2,N,4,2,3,1,2,2,2,2,1,1,,,,,T,O,,,,B,O,O,,B,,,,,,,,
wording,153,,40,F,2,behavior,2,Y,5,4,4,3,4,3,2,3,1,1,,,,,T,,,,,O,,O,B,B,,,,,,,,
wording,154,,20,F,1,behavior,2,N,5,4,3,4,2,4,3,2,1,1,,,,,O,O,O,O,O,O,O,O,B,B,,,,,,,,
wording,155,,30,M,4,behavior,2,Y,4,3,2,2,3,1,2,2,1,1,,,,,T,B,,B,O,B,B,A,B,B,,,,,,,,
wording,156,,60,F,2,behavior,2,N,4,3,2,2,3,1,2,1,1,1,,,,,T,A,B,,O,B,A,B,B,B,,,,,,,,
wording,157,,30,F,2,behavior,2,Y,5,6,5,3,5,2,3,2,1,1,,,,,T,O,,O,B,,O,A,B,B,,,,,,,,
wording,158,,60,F,2,behavior,2,N,4,2,3,2,3,2,2,2,1,1,,,,,T,O,O,B,B,B,B,T,B,B,,,,,,,,
wording,159,,30,F,3,behavior,2,Y,4,4,3,3,3,2,2,3,1,1,,,,,T,T,O,O,O,,,T,B,B,,,,,,,,
wording,160,,40,M,2,behavior,2,Y,4,4,5,3,3,3,2,2,1,1,,,,,T,,A,,,,,A,B,B,,,,,,,,
wording,161,,20,F,4,brain,2,,4,3,3,3,4,2,4,2,1,1,,,,,T,O,O,O,,O,O,A,,B,,,,,,,,
wording,162,,30,F,2,brain,2,,4,5,4,3,6,4,5,3,1,1,,,,,O,O,O,O,T,,O,O,B,B,,,,,,,,
wording,163,,40,F,2,brain,2,,3,3,4,3,3,2,5,3,1,1,,,,,O,T,,O,O,A,T,T,B,B,,,,,,,,
wording,164,,30,M,4,brain,2,,3,2,3,2,2,1,1,2,1,1,,,,,T,O,O,O,O,B,B,O,B,B,,,,,,,,
wording,165,,40,M,1,brain,2,,5,3,2,2,2,2,3,2,1,1,,,,,O,O,O,O,O,,O,O,B,B,,,,,,,,
wording,166,,40,M,2,brain,2,,3,2,2,2,2,2,2,2,1,1,,,,,O,B,B,O,O,B,B,B,B,B,,,,,,,,
wording,167,,30,M,1,brain,2,,4,2,2,2,2,1,1,1,1,1,,,,,T,O,O,O,O,B,B,B,B,B,,,,,,,,
wording,168,,40,F,2,brain,2,,4,3,3,2,2,1,4,2,1,1,,,,,T,O,O,O,O,A,O,B,B,B,,,,,,,,
wording,169,,20,M,2,brain,2,,5,2,3,2,3,1,2,3,1,1,,,,,T,,O,O,O,B,,B,B,B,,,,,,,,
wording,170,,40,M,1,brain,2,,3,3,3,2,6,2,5,2,1,1,,,,,T,O,O,,,O,,B,B,B,,,,,,,,
wording,171,,40,F,3,brain,2,,2,3,1,2,2,1,2,1,1,1,,,,,T,O,O,O,O,O,O,A,B,B,,,,,,,,
wording,172,,60,M,2,brain,2,,5,2,3,3,3,2,3,2,1,1,,,,,T,B,B,B,O,B,B,B,B,B,,,,,,,,
wording,173,,30,M,2,brain,2,,3,2,2,2,2,1,2,2,1,1,,,,,T,O,A,O,O,B,O,A,B,B,,,,,,,,
wording,174,,20,M,2,brain,2,,3,4,2,2,2,2,2,2,1,1,,,,,T,,,O,,,O,B,B,B,,,,,,,,
wording,175,,60,M,4,brain,2,,5,2,2,2,1,2,2,1,1,1,,,,,O,B,,O,O,O,O,B,B,B,,,,,,,,
wording,176,,20,M,2,brain,2,,3,4,4,3,2,5,3,4,1,2,,,,,O,,O,B,,O,,O,,B,,,,,,,,
wording,177,,30,F,3,brain,2,,4,2,4,3,5,4,4,2,1,1,,,,,T,B,O,B,B,B,B,,B,B,,,,,,,,
wording,178,,40,F,1,brain,2,,4,3,3,2,4,3,2,2,1,1,,,,,T,T,,,,,O,O,B,B,,,,,,,,
wording,179,,40,M,2,brain,2,,3,4,3,5,2,2,4,3,3,2,,,,,T,O,O,O,O,B,O,O,B,B,,,,,,,,
wording,180,,30,M,3,brain,2,,4,3,3,3,3,3,3,2,1,1,,,,,T,O,A,,,A,O,B,B,B,,,,,,,,
wording,181,,20,F,1,brain,2,,4,3,4,2,3,2,1,1,1,1,,,,,T,O,O,O,O,O,,B,B,B,,,,,,,,
wording,182,,30,F,2,brain,2,,5,2,3,2,2,1,2,2,1,1,,,,,T,O,O,O,O,B,O,A,B,B,,,,,,,,
wording,183,,40,F,2,brain,2,,5,2,3,2,3,1,2,1,1,1,,,,,T,O,O,O,O,O,O,O,B,O,,,,,,,,
wording,184,,40,F,2,brain,2,,5,4,4,3,2,2,4,3,1,1,,,,,O,,,,O,O,O,O,B,B,,,,,,,,
wording,185,,30,M,2,brain,2,,5,3,4,3,6,2,2,2,1,1,,,,,T,O,,O,O,O,,,B,B,,,,,,,,
wording,186,,40,F,2,brain,2,,3,2,2,2,2,2,3,2,1,1,,,,,T,T,B,O,O,O,,B,B,B,,,,,,,,
wording,187,,20,M,1,brain,2,,4,3,4,2,2,2,4,3,1,1,,,,,O,B,O,,O,O,B,O,B,B,,,,,,,,
wording,188,,30,M,1,brain,2,,4,3,5,3,3,4,4,4,1,2,,,,,T,,,,,,,,B,A,,,,,,,,
wording,189,,40,M,2,brain,2,,4,3,3,3,3,2,4,3,1,1,,,,,O,,B,O,,,O,O,B,B,,,,,,,,
wording,190,,20,M,2,brain,2,,5,5,4,2,3,4,4,3,1,1,,,,,T,A,,A,,,,,B,B,,,,,,,,
wording,191,,40,F,1,brain,2,,4,2,3,3,2,2,2,2,1,1,,,,,O,O,B,O,O,O,,B,B,B,,,,,,,,
wording,192,,20,M,2,brain,2,,3,4,2,1,2,1,3,4,1,1,,,,,T,O,O,,O,B,,,B,B,,,,,,,,
wording,193,,20,F,2,brain,2,,4,3,4,3,3,4,4,3,1,1,,,,,A,O,O,,B,O,,,B,B,,,,,,,,
wording,194,,30,M,2,brain,2,,5,3,3,3,2,1,2,2,1,1,,,,,O,O,O,O,O,B,B,B,B,B,,,,,,,,
wording,195,,60,M,1,brain,2,,4,3,2,2,7,2,2,3,1,1,,,,,O,O,B,B,,O,B,B,B,B,,,,,,,,
wording,196,,40,F,2,brain,2,,3,3,4,2,3,3,4,2,1,1,,,,,T,B,T,B,B,B,B,B,B,B,,,,,,,,
wording,197,,60,M,1,brain,2,,3,2,2,2,4,2,4,2,2,1,,,,,T,T,,,T,B,T,T,A,,,,,,,,,
wording,198,,30,F,1,brain,2,,4,3,2,2,2,2,3,2,1,1,,,,,O,O,O,O,O,O,O,O,B,B,,,,,,,,
wording,199,,40,F,2,brain,2,,4,4,3,2,5,1,3,3,1,1,,,,,T,O,O,O,O,O,O,A,B,B,,,,,,,,
wording,200,,40,M,2,brain,2,,4,3,3,2,3,2,2,2,1,1,,,,,O,O,O,O,,,,,B,B,,,,,,,,
wording,201,,40,M,2,brain,2,,6,3,4,2,2,1,2,1,1,1,,,,,T,O,T,O,O,O,O,B,B,B,,,,,,,,
wording,202,,30,M,2,brain,2,,5,2,4,3,2,1,2,1,1,1,,,,,T,B,O,O,O,B,O,B,B,B,,,,,,,,
wording,203,,60,F,2,brain,2,,4,2,3,2,2,1,2,2,1,1,,,,,T,O,O,,B,B,B,B,B,B,,,,,,,,
wording,204,,40,F,1,brain,2,,4,4,3,3,2,2,3,3,1,1,,,,,T,,A,,O,A,O,,B,,,,,,,,,
wording,205,,40,F,1,brain,2,,5,2,3,2,3,1,2,2,1,1,,,,,O,O,O,O,O,B,O,O,B,B,,,,,,,,
wording,206,,40,F,4,brain,2,,3,4,4,3,4,3,4,3,1,2,,,,,O,,O,O,,A,,,B,A,,,,,,,,
wording,207,,40,M,2,brain,2,,4,3,2,2,5,3,5,5,4,4,,,,,T,T,T,T,T,T,T,T,T,T,,,,,,,,
wording,208,,40,F,3,brain,2,,5,3,3,3,3,2,3,3,1,1,,,,,T,B,O,O,O,O,B,B,B,B,,,,,,,,
wording,209,,20,M,2,brain,2,,5,3,3,3,2,2,3,1,1,1,,,,,T,O,O,O,,A,O,B,B,B,,,,,,,,
wording,210,,60,F,2,brain,2,,5,1,4,4,2,5,2,1,1,1,,,,,O,B,O,,O,O,O,B,B,B,,,,,,,,
wording,211,,30,F,3,brain,2,,4,3,3,3,3,2,4,2,1,1,,,,,T,O,O,O,O,O,O,O,B,B,,,,,,,,
wording,212,,20,M,1,know,2,,6,5,4,4,3,3,5,1,1,1,,,,,T,O,O,,,A,O,B,B,B,,,,,,,,
wording,213,,20,M,1,know,2,,5,5,4,2,2,2,2,3,1,1,,,,,T,T,T,B,O,B,B,T,B,B,,,,,,,,
wording,214,,20,F,2,know,2,,4,3,4,2,3,2,2,3,1,1,,,,,T,O,,O,O,O,O,T,,B,,,,,,,,
wording,215,,20,F,2,know,2,,4,3,4,3,2,1,3,2,2,1,,,,,T,O,T,,O,O,O,O,,B,,,,,,,,
wording,216,,40,M,3,know,2,,4,3,3,2,2,3,2,2,1,1,,,,,T,T,O,,B,O,,,B,B,,,,,,,,
wording,217,,40,M,1,know,2,,4,3,2,3,2,2,2,3,1,2,,,,,T,O,,O,O,A,O,T,B,,,,,,,,,
wording,218,,30,M,2,know,2,,3,4,3,3,2,1,2,2,1,1,,,,,T,,,,O,B,O,A,B,,,,,,,,,
wording,219,,40,M,1,know,2,,4,3,3,3,2,2,3,3,1,1,,,,,T,T,O,O,O,,O,T,B,B,,,,,,,,
wording,220,,30,M,3,know,2,,4,2,3,3,3,4,2,4,1,1,,,,,T,,O,,A,A,,O,B,B,,,,,,,,
wording,221,,60,M,1,know,2,,3,4,3,2,2,4,3,3,1,1,,,,,T,O,B,,O,O,B,B,B,B,,,,,,,,
wording,222,,40,F,2,know,2,,5,3,2,3,2,3,3,2,1,1,,,,,T,O,,O,O,B,O,T,B,B,,,,,,,,
wording,223,,40,M,2,know,2,,4,3,2,3,2,1,1,2,1,1,,,,,T,T,,,O,O,B,T,B,B,,,,,,,,
wording,224,,30,M,3,know,2,,5,4,3,3,2,1,1,2,1,1,,,,,T,T,O,O,O,B,B,O,B,B,,,,,,,,
wording,225,,20,F,1,know,2,,5,3,4,3,2,2,2,3,1,1,,,,,T,T,T,O,O,O,O,T,B,B,,,,,,,,
wording,227,,60,F,4,know,2,,4,2,3,3,2,1,2,2,1,1,,,,,T,O,A,A,O,B,O,A,B,B,,,,,,,,
wording,228,,20,F,1,know,2,,5,4,4,2,2,2,5,3,1,1,,,,,T,B,B,B,O,B,T,T,B,B,,,,,,,,
wording,229,,60,F,2,know,2,,4,4,4,2,2,3,3,2,1,1,,,,,T,O,O,O,O,,,,B,B,,,,,,,,
wording,230,,60,F,2,know,2,,5,3,4,2,3,3,3,4,1,1,,,,,T,O,T,O,O,O,T,T,B,B,,,,,,,,
wording,231,,40,F,2,know,2,,5,3,5,3,3,2,3,3,1,1,,,,,T,O,T,O,O,O,O,T,B,B,,,,,,,,
wording,232,,40,F,3,know,2,,5,3,3,2,2,4,3,3,1,1,,,,,T,O,,O,O,,T,O,B,B,,,,,,,,
wording,233,,40,M,2,know,2,,4,4,4,3,2,2,2,2,1,1,,,,,T,T,O,O,O,O,A,O,B,B,,,,,,,,
wording,234,,40,F,2,know,2,,5,5,4,3,3,1,3,2,1,1,,,,,T,T,O,O,O,B,O,T,B,B,,,,,,,,
wording,235,,60,F,3,know,2,,4,3,3,2,2,3,3,1,1,1,,,,,T,T,T,B,T,B,B,B,B,B,,,,,,,,
wording,236,,40,M,2,know,2,,3,3,2,2,2,3,2,2,1,1,,,,,T,O,B,,O,O,O,O,B,B,,,,,,,,
wording,237,,40,F,1,know,2,,4,4,3,3,3,2,3,3,1,1,,,,,T,T,O,O,O,B,O,O,,B,,,,,,,,
wording,238,,30,,2,know,2,,4,4,4,3,3,3,4,2,1,1,,,,,T,T,O,O,O,O,O,O,B,B,,,,,,,,
wording,239,,40,F,1,know,2,,4,4,4,3,2,2,6,4,2,2,,,,,T,T,T,O,O,O,O,T,O,A,,,,,,,,
wording,240,,30,F,3,know,2,,3,3,3,2,2,2,2,2,1,1,,,,,T,T,T,O,O,O,O,O,B,B,,,,,,,,
wording,241,,60,M,2,know,2,,4,3,4,3,2,3,4,4,1,1,,,,,O,O,O,O,O,T,T,T,B,B,,,,,,,,
wording,242,,30,F,2,know,2,,4,3,3,2,2,1,1,2,1,1,,,,,T,T,O,O,O,B,B,,B,B,,,,,,,,
wording,243,,20,F,2,know,2,,4,4,3,2,3,1,2,3,1,1,,,,,T,T,A,A,O,B,O,A,,B,,,,,,,,
wording,244,,30,M,2,know,2,,4,4,4,3,3,2,3,3,1,1,,,,,T,T,O,O,O,O,O,O,B,B,,,,,,,,
wording,245,,40,F,2,know,2,,5,4,4,3,3,2,4,4,1,1,,,,,T,O,O,O,O,B,O,T,B,B,,,,,,,,
wording,246,,30,M,1,know,2,,4,3,3,2,2,3,2,2,1,1,,,,,O,T,O,O,O,O,O,T,B,B,,,,,,,,
wording,247,,30,M,3,know,2,,3,3,3,2,2,3,3,3,1,1,,,,,T,T,O,O,O,O,O,T,B,B,,,,,,,,
wording,248,,60,F,2,know,2,,4,3,3,4,3,3,4,4,1,2,,,,,T,T,O,O,O,O,O,T,B,B,,,,,,,,
wording,250,,40,F,1,know,2,,3,2,3,2,3,2,3,3,1,1,,,,,T,T,B,,T,,,T,B,B,,,,,,,,
wording,251,,30,F,2,know,2,,5,4,4,2,2,3,4,3,1,1,,,,,T,O,T,O,O,O,T,T,B,B,,,,,,,,
wording,252,,20,F,2,know,2,,4,3,3,3,2,3,3,3,2,1,,,,,T,B,B,B,B,,,O,B,,,,,,,,,
wording,253,,20,M,2,know,2,,3,5,3,4,4,4,3,4,3,3,,,,,T,O,B,T,O,T,T,B,B,B,,,,,,,,
wording,254,,40,M,2,know,2,,3,2,4,3,1,1,,3,1,1,,,,,T,T,T,O,O,B,B,T,B,B,,,,,,,,
wording,255,,60,F,1,know,2,,4,3,4,2,2,1,3,3,1,1,,,,,T,O,O,O,O,O,O,T,B,B,,,,,,,,
wording,256,,30,F,1,know,2,,4,3,4,3,3,4,3,3,2,1,,,,,T,T,T,O,O,,T,T,O,B,,,,,,,,
wording,257,,30,F,2,know,2,,4,3,5,4,2,4,3,4,1,2,,,,,,T,T,O,O,,,T,,,,,,,,,,
wording,258,,60,F,2,know,2,,5,5,4,2,3,1,3,3,1,1,,,,,T,O,,O,,O,T,O,B,B,,,,,,,,
wording,259,,40,F,2,know,2,,5,3,3,3,3,4,3,2,1,2,,,,,O,O,O,O,O,O,O,O,B,O,,,,,,,,
wording,260,,20,M,2,know,2,,4,5,2,3,3,2,4,3,1,2,,,,,T,T,,,O,,O,T,,,,,,,,,,
wording,261,,30,M,2,know,2,,2,4,2,3,2,1,4,2,1,1,,,,,T,,,O,O,,O,,B,B,,,,,,,,
wording,262,,40,M,2,know,2,,4,4,3,3,2,3,3,3,1,1,,,,,T,T,O,O,O,O,O,T,B,B,,,,,,,,
wording,264,,40,F,1,know,2,,4,3,2,3,2,1,2,1,1,1,,,,,T,O,O,O,O,O,O,B,B,B,,,,,,,,
religion,1,,40,M,3,india,3,N,4,5,4,4,3,4,4,3,1,1,,,,,O,O,A,O,O,O,O,O,B,B,,,,,1,Hinduism,3,
religion,6,,30,M,2,india,3,Y,4,6,5,4,4,5,5,5,4,2,,,,,,,,,,,,,,,,,,,3,Hinduism,3,
religion,8,,30,M,2,india,3,Y,4,5,4,3,4,5,5,5,1,2,,,,,T,A,T,,O,T,T,T,T,B,,,,,2,Hinduism,3,
religion,9,,40,M,3,india,3,Y,5,5,5,4,4,4,3,4,2,2,,,,,,,,,B,,,B,,B,,,,,2,Hinduism,5,
religion,10,,30,F,3,india,3,Y,4,5,5,5,5,5,5,5,1,1,,,,,T,,,,O,,,T,,,,,,,4,Hinduism,3,
religion,11,,30,M,3,india,3,Y,4,5,4,5,4,2,4,4,6,2,,,,,O,,,,,O,,,,,,,,,3,Hinduism,3,
religion,12,,40,M,2,india,3,N,4,5,5,4,4,4,5,4,1,1,,,,,,O,,,,,,,B,B,,,,,1,Hinduism,3,
religion,13,,20,M,3,india,3,Y,4,5,4,6,5,5,6,4,4,2,,,,,T,,T,,A,,,T,,,,,,,2,Hinduism,2,
religion,16,,30,M,2,india,3,N,5,4,5,4,4,5,5,5,1,1,,,,,T,,,,O,,,,,,,,,,3,Hinduism,5,
religion,17,,20,M,2,india,3,N,5,6,4,3,5,5,5,5,1,1,,,,,T,B,,,O,,,T,B,,,,,,2,Hinduism,3,
religion,19,,20,M,2,india,3,N,4,4,3,3,4,4,4,4,1,1,,,,,T,T,,O,O,,O,T,B,B,,,,,1,Hinduism,5,
religion,20,,30,M,3,india,3,Y,4,4,3,3,4,5,2,4,4,3,,,,,T,T,O,,O,O,O,T,B,B,,,,,1,Hinduism,3,
religion,21,,40,M,2,india,3,Y,3,5,3,3,3,5,3,4,1,1,,,,,,,,,O,,,,,B,,,,,2,Hinduism,3,
religion,22,,30,M,2,india,3,Y,5,6,4,4,4,3,4,4,1,2,,,,,T,O,,,O,O,T,T,,,,,,,1,Hinduism,3,
religion,23,,20,M,2,india,3,Y,4,5,4,5,3,4,5,5,1,1,,,,,T,,,,,,,,B,B,,,,,1,Hinduism,3,
religion,24,,30,M,2,india,3,Y,4,5,3,4,3,3,4,4,2,3,,,,,T,,,O,O,,,T,B,B,,,,,1,Hinduism,1,
religion,25,,30,F,3,india,3,Y,3,5,4,4,5,5,5,4,1,1,,,,,T,A,T,T,T,O,,T,B,B,,,,,1,Hinduism,2,
religion,26,,20,M,2,india,3,N,4,5,4,3,4,3,6,4,1,3,,,,,T,T,,B,,,,O,,B,,,,,1,Hinduism,4,
religion,27,,30,F,2,india,3,Y,4,5,4,4,3,4,4,4,1,1,,,,,,,,,T,,,T,,,,,,,1,Hinduism,4,
religion,29,,40,F,2,india,3,Y,5,5,5,5,5,4,5,4,1,1,,,,,T,T,O,A,A,A,B,T,B,B,,,,,2,Hinduism,3,
religion,31,,40,M,2,india,3,Y,4,5,4,3,3,3,4,4,1,1,,,,,T,T,O,O,O,O,T,T,B,B,,,,,2,Hinduism,3,
religion,32,,30,M,2,india,3,N,4,6,4,4,4,4,4,5,1,2,,,,,,,,,,,,,,,,,,,3,Hinduism,4,
religion,34,,30,M,2,india,3,N,5,5,4,4,3,4,4,4,1,1,,,,,A,B,,,,A,,O,,,,,,,3,Hinduism,3,
religion,35,,30,M,3,india,3,Y,4,5,4,5,3,3,3,4,3,1,,,,,T,T,,O,O,T,B,T,B,B,,,,,1,Hinduism,3,
religion,37,,30,M,2,india,3,Y,4,5,6,5,5,5,5,6,3,2,,,,,T,O,O,,O,O,O,O,B,B,,,,,1,Hinduism,5,
religion,38,,40,M,3,india,3,Y,4,5,4,5,4,3,5,4,3,1,,,,,T,O,,O,A,O,T,T,B,B,,,,,5,Hinduism,5,
religion,41,,40,M,2,india,3,Y,4,4,4,3,5,4,5,3,2,2,,,,,O,O,B,O,O,O,B,O,B,B,,,,,2,Hinduism,3,
religion,42,,30,M,2,india,3,N,4,4,3,2,3,4,3,3,1,1,,,,,T,O,,,T,O,T,T,B,B,,,,,4,Hinduism,3,
religion,43,,20,M,2,india,3,N,5,5,5,3,5,6,6,5,1,1,,,,,T,B,O,,,,T,,B,B,,,,,4,Hinduism,2,
religion,44,,20,M,2,india,3,N,4,5,4,4,2,3,3,3,1,1,,,,,T,,O,T,,A,T,T,,A,,,,,5,Hinduism,3,
religion,45,,30,F,3,india,3,Y,4,6,4,5,2,3,4,4,1,1,,,,,,,,,,,,,,,,,,,1,Hinduism,3,
religion,46,,30,M,2,india,3,N,5,4,4,4,2,4,4,4,1,1,,,,,,,,,,,,,,,,,,,4,Hinduism,3,
religion,48,,40,M,2,india,3,Y,5,5,4,3,5,4,4,4,2,1,,,,,T,O,O,O,O,O,O,,B,B,,,,,3,Hinduism,3,
religion,51,,20,M,2,india,3,N,5,5,4,3,3,3,4,5,1,1,,,,,T,O,T,T,O,O,O,T,B,B,,,,,2,Hinduism,5,
religion,52,,20,M,2,india,3,N,4,4,5,3,3,4,3,4,1,1,,,,,T,T,T,,O,,O,T,B,B,,,,,5,Hinduism,5,
religion,53,,40,M,2,india,3,Y,4,2,3,4,2,2,4,3,4,1,,,,,T,O,,O,O,O,,,B,B,,,,,4,Hinduism,3,
religion,56,,30,M,2,india,3,Y,4,5,5,4,4,4,5,4,2,1,,,,,T,,O,,O,O,O,T,B,B,,,,,4,Hinduism,4,
religion,57,,20,M,2,india,3,N,5,6,5,6,5,4,6,5,2,2,,,,,T,T,T,O,A,,,T,B,,,,,,1,Hinduism,1,
religion,59,,30,F,2,india,3,Y,5,4,3,3,4,4,3,3,3,3,,,,,,,,,,,,,,,,,,,2,Hinduism,4,
religion,60,,30,M,2,india,3,N,3,4,4,4,4,2,4,3,4,2,,,,,T,T,O,O,,O,T,T,B,B,,,,,3,Hinduism,3,
religion,61,,30,F,2,india,3,Y,3,4,4,4,2,3,4,4,1,1,,,,,T,O,O,O,O,O,O,T,B,B,,,,,3,Hinduism,4,
religion,62,,40,F,4,india,3,Y,4,5,4,5,4,4,4,4,4,1,,,,,,,,,B,B,,,,B,,,,,3,Hinduism,3,
religion,63,,30,M,3,india,3,Y,4,5,4,4,4,5,4,4,1,1,,,,,T,O,B,O,,O,O,T,B,B,,,,,2,Hinduism,2,
religion,64,,30,M,3,india,3,N,4,4,3,4,3,3,3,4,1,1,,,,,,,,,,,,,,,,,,,3,Hinduism,3,
religion,66,,20,M,2,india,3,Y,4,3,4,5,4,5,7,3,1,1,,,,,T,O,,T,O,,,O,A,B,,,,,3,Hinduism,4,
religion,67,,20,F,2,india,3,N,4,5,4,5,2,4,4,4,1,1,,,,,T,A,,,,,,,,B,,,,,2,Hinduism,4,
religion,69,,20,M,2,india,3,Y,4,4,4,4,5,3,4,3,1,4,,,,,,,,,,,,,,,,,,,4,Hinduism,4,
religion,70,,30,M,3,india,3,Y,3,2,3,2,2,3,2,3,2,1,,,,,T,,,,,,,O,B,,,,,,2,Hinduism,5,
religion,76,,30,F,2,india,3,Y,4,5,3,5,4,3,4,5,2,1,,,,,T,T,,T,O,T,O,T,,B,,,,,2,Hinduism,2,
religion,128,,30,M,2,india,3,N,4,6,6,7,5,3,6,6,6,3,,,,,,,,,,,O,O,,B,,,,,4,Hinduism,4,
religion,129,,40,F,2,india,3,Y,4,5,5,4,3,4,5,4,1,1,,,,,T,T,B,B,T,T,T,T,B,B,,,,,1,Hinduism,5,
religion,130,,40,F,2,india,3,Y,4,4,5,4,3,2,4,4,1,1,,,,,T,T,T,B,B,,O,T,B,B,,,,,2,Hinduism,2,
religion,131,,30,F,3,india,3,N,4,5,5,4,3,5,5,5,1,1,,,,,O,O,O,,O,T,T,T,B,B,,,,,4,Hinduism,4,
religion,132,,40,M,2,india,3,Y,5,5,5,5,4,4,4,3,1,1,,,,,T,T,,A,,T,T,T,B,B,,,,,4,Hinduism,3,
religion,133,,20,M,2,india,3,Y,5,5,4,4,4,3,4,4,2,2,,,,,T,,,,,,,B,B,B,,,,,3,Hinduism,3,
religion,134,,20,M,2,india,3,Y,3,4,4,2,1,2,4,3,1,1,,,,,T,O,O,,O,O,O,O,B,B,,,,,4,Hinduism,5,
religion,135,,30,M,3,india,3,Y,4,4,5,4,4,4,3,3,1,1,,,,,O,T,T,T,T,A,T,T,B,B,,,,,2,Hinduism,2,
religion,138,,20,F,1,india,3,N,3,5,6,6,5,4,6,3,1,1,,,,,T,A,,,A,O,A,O,B,B,,,,,1,Hinduism,3,
religion,139,,30,F,,india,3,Y,4,5,4,4,3,4,4,4,2,1,,,,,T,O,T,,O,T,T,O,,B,,,,,4,Hinduism,4,
religion,141,,20,M,2,india,3,Y,4,5,5,5,3,4,4,4,1,1,,,,,,,,,T,,T,O,B,B,,,,,4,Hinduism,3,
religion,142,,30,M,2,india,3,N,4,4,3,2,2,2,4,3,1,1,,,,,T,,,,O,,,,B,B,,,,,5,Hinduism,4,
religion,143,,20,M,2,india,3,Y,4,5,5,5,5,2,5,4,1,1,,,,,O,T,T,O,T,O,O,O,B,B,,,,,3,Hinduism,3,
religion,144,,30,M,3,india,3,Y,5,5,4,4,4,4,5,4,2,3,,,,,T,O,O,,O,O,O,O,A,B,,,,,2,Hinduism,4,
religion,145,,40,M,3,india,3,Y,5,5,5,3,5,3,4,5,1,1,,,,,T,B,O,O,O,O,O,T,B,B,,,,,2,Hinduism,3,
religion,146,,20,M,2,india,3,N,3,5,2,3,4,3,3,4,1,2,,,,,O,,,,,,,O,,A,,,,,5,Hinduism,3,
religion,147,,20,M,2,india,3,Y,3,4,4,3,3,3,3,4,4,2,,,,,B,,,,,,B,B,B,B,,,,,2,Hinduism,3,
religion,148,,30,M,2,india,3,Y,4,6,4,3,5,3,6,4,2,1,,,,,T,,T,,,,,,,B,,,,,3,Hinduism,3,
religion,149,,30,F,3,india,3,Y,5,3,3,3,3,3,5,3,1,1,,,,,T,,,A,,,A,T,B,B,,,,,1,Hinduism,3,
religion,150,,20,M,2,india,3,N,5,4,2,3,2,3,4,4,1,1,,,,,T,O,,O,O,O,,T,B,B,,,,,3,Hinduism,3,
religion,151,,30,M,4,india,3,N,4,5,3,2,3,5,3,3,1,1,,,,,T,T,T,A,O,,O,T,B,B,,,,,2,Hinduism,4,
religion,152,,20,M,2,india,3,Y,4,3,4,4,3,3,4,4,4,2,,,,,,T,,A,,,B,,B,B,,,,,3,Hinduism,3,
religion,153,,20,M,2,india,3,N,5,5,3,4,4,5,4,4,1,1,,,,,T,T,,,O,,B,B,B,B,,,,,3,Hinduism,2,
religion,154,,20,M,1,india,3,N,4,5,3,4,5,2,3,3,1,1,,,,,T,O,O,O,O,O,B,B,B,B,,,,,2,Hinduism,3,
religion,156,,30,M,2,india,3,Y,5,6,4,4,3,5,5,4,1,1,,,,,T,,,,,,,,B,B,,,,,2,Hinduism,4,
religion,157,,20,M,2,india,3,N,4,4,2,1,1,1,1,1,1,1,,,,,T,T,,B,O,B,B,B,B,B,,,,,4,Hinduism,4,
religion,158,,30,M,2,india,3,Y,4,4,4,5,3,3,4,4,2,2,,,,,T,A,O,A,O,O,O,T,B,B,,,,,2,Hinduism,3,
religion,160,,20,M,2,india,3,Y,4,6,4,5,4,5,6,4,2,1,,,,,T,,,,,,,,,B,,,,,2,Hinduism,3,
religion,161,,30,M,3,india,3,Y,5,5,5,4,4,5,5,4,3,1,,,,,T,,T,O,O,O,O,O,O,B,,,,,2,Hinduism,3,
religion,163,,40,M,3,india,3,Y,5,5,5,5,3,4,5,4,2,1,,,,,T,O,T,O,O,O,O,O,B,B,,,,,1,Hinduism,5,
religion,164,,30,M,2,india,3,N,4,4,5,4,3,4,4,3,2,1,,,,,T,O,O,A,B,O,O,T,B,B,,,,,4,Hinduism,4,
religion,165,,30,F,2,india,3,Y,3,4,4,3,4,4,4,4,1,1,,,,,T,T,O,O,A,A,O,T,B,B,,,,,3,Hinduism,3,
religion,166,,30,M,2,india,3,N,5,5,5,3,3,2,4,4,1,1,,,,,T,O,O,T,O,O,O,T,B,B,,,,,2,Hinduism,5,
religion,167,,30,M,2,india,3,N,4,4,5,4,4,5,5,5,2,2,,,,,T,O,O,,O,T,O,T,B,A,,,,,2,Hinduism,3,
religion,169,,30,M,2,india,3,Y,5,5,4,4,4,5,4,3,1,1,,,,,T,T,T,O,O,T,O,T,B,B,,,,,2,Hinduism,5,
religion,171,,30,M,2,india,3,Y,5,6,4,4,6,5,5,4,1,1,,,,,T,O,B,B,O,T,,O,,B,,,,,3,Hinduism,3,
religion,172,,20,M,1,india,3,Y,3,5,5,5,4,2,4,3,3,1,,,,,T,T,,,O,,,T,,B,,,,,3,Hinduism,2,
religion,173,,30,M,2,india,3,N,5,5,5,5,5,4,5,5,2,2,,,,,O,T,O,O,O,B,O,O,B,B,,,,,2,Hinduism,3,
religion,174,,60,F,2,india,3,Y,5,5,5,4,4,5,5,5,1,1,,,,,T,T,A,A,,T,,T,B,B,,,,,3,Hinduism,2,
religion,176,,30,F,3,india,3,Y,5,5,5,5,4,4,5,4,1,2,,,,,,,,,,,,,B,B,,,,,1,Hinduism,3,
religion,177,,20,M,2,india,3,N,4,5,4,4,4,4,4,4,1,1,,,,,T,T,T,A,O,O,,A,B,B,,,,,4,Hinduism,2,
religion,178,,20,F,3,india,3,N,4,5,6,4,3,4,4,4,1,1,,,,,A,,O,,O,O,A,A,B,B,,,,,4,Hinduism,5,
religion,179,,30,M,3,india,3,Y,4,4,4,4,4,4,4,4,1,1,,,,,T,T,T,T,T,O,T,T,B,B,,,,,1,Hinduism,1,
religion,180,,60,M,3,india,3,N,5,5,4,4,4,5,5,4,1,1,,,,,T,,,,,,,,,A,,,,,2,Hinduism,2,
religion,182,,30,M,2,india,3,N,5,5,5,5,4,3,4,4,1,1,,,,,,A,,O,O,,,,,B,,,,,5,Hinduism,3,
religion,183,,30,M,3,india,3,Y,5,4,4,2,3,4,4,4,1,1,,,,,O,,,,,O,,,,B,,,,,1,Hinduism,3,
religion,184,,30,F,3,india,3,Y,3,4,4,4,4,4,3,4,2,1,,,,,T,,O,,B,,B,T,,B,,,,,3,Hinduism,3,
religion,185,,20,M,2,india,3,Y,3,3,2,3,2,2,2,3,1,1,,,,,T,T,T,,O,,,O,B,B,,,,,3,Hinduism,2,
religion,187,,60,F,3,india,3,Y,5,6,4,5,4,3,4,4,2,2,,,,,O,O,,A,O,O,B,,,B,,,,,1,Hinduism,4,
religion,188,,30,M,3,india,3,N,4,4,3,3,4,4,4,4,1,1,,,,,T,T,,,O,O,,T,B,B,,,,,5,Hinduism,4,
animal,1,,20,M,1,animal,4,N,,,0,1,,1,1,1,,1,1,1,1,0,,,,,,B,B,B,,B,B,,B,O,,,,
animal,2,,40,M,3,animal,4,Y,,,1,0,,1,1,1,,1,1,1,1,1,,,B,O,,B,B,B,,B,B,B,B,B,,,,
animal,3,,60,F,2,animal,4,Y,,,0,0,,0,0,1,,1,0,0,0,0,,,O,B,,O,O,B,,B,O,O,O,T,,,,
animal,4,,40,M,2,animal,4,Y,,,1,0,,0,0,1,,1,0,0,0,0,,,,,,,O,B,,B,O,O,O,T,,,,
animal,5,,40,F,2,animal,4,Y,,,0,0,,1,0,1,,1,1,0,0,0,,,O,,,O,O,B,,B,B,O,O,T,,,,
animal,6,,40,F,2,animal,4,N,,,1,0,,0,0,1,,1,1,0,1,0,,,B,O,,O,O,B,,B,O,O,B,T,,,,
animal,7,,30,F,2,animal,4,Y,,,1,0,,1,1,1,,1,1,1,1,0,,,,O,,,,B,,B,,,,,,,,
animal,8,,30,M,2,animal,4,N,,,1,0,,1,1,1,,1,1,0,1,0,,,B,,,,B,B,,B,B,,B,,,,,
animal,9,,60,F,4,animal,4,Y,,,1,0,,1,1,1,,1,1,1,1,0,,,B,O,,B,B,B,,B,B,B,B,T,,,,
animal,10,,30,F,2,animal,4,Y,,,1,0,,1,1,1,,1,1,1,1,0,,,B,O,,B,B,B,,B,B,B,B,T,,,,
animal,11,,60,F,3,animal,4,Y,,,0,0,,1,0,1,,1,1,1,1,0,,,O,O,,B,O,B,,B,B,B,B,O,,,,
animal,12,,40,F,1,animal,4,Y,,,1,0,,0,1,1,,1,1,0,0,0,,,,O,,O,B,B,,,B,O,O,T,,,,
animal,13,,20,F,1,animal,4,N,,,1,1,,0,1,1,,1,1,0,1,0,,,B,B,,O,B,B,,B,B,O,B,T,,,,
animal,14,,30,M,2,animal,4,N,,,1,0,,1,1,1,,1,1,1,1,0,,,B,O,,,B,B,,B,B,B,,T,,,,
animal,15,,30,F,2,animal,4,N,,,1,0,,1,1,1,,1,1,0,1,0,,,,O,,,B,B,,B,B,O,,T,,,,
animal,16,,20,F,1,animal,4,Y,,,0,0,,1,0,0,,1,0,0,0,0,,,O,,,,O,O,,B,O,O,O,O,,,,
animal,17,,20,F,2,animal,4,N,,,1,0,,1,1,1,,1,0,0,0,0,,,,,,,B,B,,B,O,O,O,T,,,,
animal,18,,30,M,1,animal,4,Y,,,0,0,,0,1,0,,1,0,1,1,0,,,O,B,,O,B,O,,B,O,B,B,O,,,,
animal,19,,30,M,1,animal,4,Y,,,1,0,,1,1,1,,1,1,1,1,1,,,B,,,B,,B,,B,B,B,,B,,,,
animal,20,,60,F,2,animal,4,Y,,,0,0,,0,1,1,,1,1,1,0,1,,,O,,,O,B,B,,B,B,B,O,B,,,,
animal,21,,40,F,1,animal,4,Y,,,1,0,,1,1,1,,1,1,1,1,0,,,B,,,B,B,O,,B,B,B,B,T,,,,
animal,22,,30,F,3,animal,4,Y,,,1,0,,0,0,1,,1,1,0,0,0,,,,O,,O,,B,,B,B,,,,,,,
animal,23,,40,M,2,animal,4,N,,,1,0,,1,0,1,,1,1,1,0,0,,,,,,,B,B,,B,,,B,,,,,
animal,24,,30,M,3,animal,4,Y,,,1,0,,1,1,1,,1,1,1,1,0,,,B,,,B,B,,,B,B,B,B,T,,,,
animal,25,,30,F,1,animal,4,N,,,1,0,,0,1,1,,1,1,1,1,0,,,B,O,,O,B,B,,B,B,B,O,O,,,,
animal,26,,30,M,2,animal,4,N,,,1,0,,0,1,0,,1,0,0,1,0,,,,,,O,,O,,B,,O,,T,,,,
animal,27,,20,F,1,animal,4,N,,,1,0,,1,1,1,,1,0,0,1,1,,,B,B,,B,B,B,,B,O,A,,B,,,,
animal,28,,20,F,2,animal,4,N,,,1,0,,0,1,1,,1,1,1,1,1,,,B,O,,,B,B,,B,B,,,B,,,,
animal,29,,30,M,1,animal,4,N,,,1,1,,1,1,1,,1,1,1,1,0,,,B,B,,B,B,B,,B,B,B,B,O,,,,
animal,30,,30,F,1,animal,4,N,,,1,1,,1,1,1,,1,1,1,1,0,,,B,,,,B,B,,B,,B,B,T,,,,
animal,31,,60,M,2,animal,4,Y,,,0,0,,1,1,1,,1,1,0,0,0,,,O,O,,B,B,B,,B,B,O,O,T,,,,
animal,32,,20,F,2,animal,4,N,,,1,1,,0,1,1,,1,1,0,0,0,,,,O,,B,B,B,,B,B,O,O,O,,,,
animal,33,,40,F,2,animal,4,Y,,,1,0,,1,1,1,,1,1,1,1,0,,,B,O,,B,B,B,,B,B,B,B,T,,,,
animal,34,,30,M,1,animal,4,N,,,1,1,,1,1,1,,1,0,0,1,0,,,,,,,,B,,B,O,T,,T,,,,
animal,35,,30,F,2,animal,4,N,,,0,0,,0,1,0,,1,1,0,1,0,,,,,,,,O,,,,T,T,,,,,
animal,36,,30,M,1,animal,4,Y,,,0,0,,1,1,1,,1,0,0,0,0,,,O,O,,B,B,B,,B,O,O,O,B,,,,
animal,37,,20,F,1,animal,4,Y,,,0,1,,1,1,1,,1,0,1,1,1,,,,,,,B,B,,B,,,B,B,,,,
animal,38,,40,F,1,animal,4,N,,,0,0,,0,0,1,,1,1,1,1,0,,,,,,,B,,,B,,O,O,T,,,,
animal,39,,40,M,1,animal,4,N,,,1,0,,1,0,1,,1,1,1,1,0,,,B,,,B,O,B,,B,B,B,B,T,,,,
animal,40,,40,F,2,animal,4,Y,,,1,1,,1,1,1,,1,1,1,1,0,,,B,B,,B,B,B,,O,B,B,B,T,,,,
animal,41,,40,M,2,animal,4,N,,,1,0,,1,0,1,,1,1,1,1,0,,,,O,,B,O,B,,B,B,B,B,O,,,,
animal,42,,30,M,1,animal,4,N,,,1,0,,1,1,0,,1,1,1,1,1,,,,,,,,,,B,,B,,T,,,,
animal,43,,30,F,2,animal,4,Y,,,1,0,,1,1,1,,1,1,0,1,0,,,B,O,,B,B,B,,B,B,O,B,O,,,,
animal,44,,40,F,2,animal,4,Y,,,0,0,,0,0,1,,1,1,0,1,0,,,,,,O,,B,,B,,B,,,,,,
animal,45,,30,F,2,animal,4,N,,,0,0,,0,1,1,,1,1,0,1,0,,,O,,,O,B,B,,B,B,T,B,T,,,,
animal,46,,20,F,1,animal,4,N,,,1,0,,1,1,1,,1,1,0,1,0,,,B,O,,B,B,B,,B,B,O,B,O,,,,
animal,47,,30,F,2,animal,4,N,,,0,0,,0,0,1,,1,1,0,0,0,,,O,O,,O,O,B,,B,,O,O,T,,,,
animal,48,,30,M,2,animal,4,N,,,1,0,,0,0,1,,1,0,1,1,0,,,,O,,O,,B,,B,O,,,O,,,,
animal,49,,30,F,3,animal,4,N,,,1,0,,0,0,1,,1,1,0,1,0,,,B,,,,,B,,B,A,,B,T,,,,
animal,50,,20,M,1,animal,4,N,,,0,1,,1,1,1,,1,1,1,0,0,,,O,,,B,B,O,,B,B,B,O,O,,,,
animal,51,,30,F,2,animal,4,Y,,,1,0,,0,1,0,,1,1,0,1,0,,,,,,,,O,,B,B,,B,T,,,,
animal,52,,30,F,2,animal,4,N,,,1,1,,1,0,1,,1,0,1,1,0,,,,,,B,,,,B,,,B,T,,,,
animal,53,,40,F,2,animal,4,Y,,,1,0,,0,1,1,,1,1,0,1,0,,,B,,,T,B,B,,B,B,O,B,T,,,,
animal,54,,30,F,2,animal,4,N,,,1,1,,1,1,1,,1,1,1,1,1,,,,,,,,,,B,B,,B,,,,,
animal,55,,30,M,2,animal,4,Y,,,1,0,,1,1,1,,1,1,0,1,0,,,B,O,,B,B,B,,B,B,O,B,O,,,,
animal,56,,40,F,3,animal,4,Y,,,1,0,,1,1,1,,1,1,1,1,0,,,B,,,B,B,B,,B,B,B,B,O,,,,
animal,57,,60,F,1,animal,4,N,,,1,0,,0,0,1,,1,1,0,1,0,,,B,,,O,B,B,,B,B,O,B,O,,,,
animal,58,,30,F,2,animal,4,N,,,1,0,,1,1,1,,1,1,1,1,0,,,B,,,B,B,B,,B,,B,B,T,,,,
animal,59,,40,F,2,animal,4,Y,,,0,0,,0,0,1,,1,1,0,0,1,,,O,,,O,O,B,,B,B,O,O,B,,,,
animal,61,,40,M,1,animal,4,N,,,0,0,,1,1,1,,1,0,0,0,0,,,O,O,,O,B,B,,B,O,B,O,O,,,,
animal,62,,40,M,3,animal,4,Y,,,0,0,,0,1,1,,1,1,0,1,1,,,O,O,,O,B,B,,B,B,O,B,B,,,,
animal,63,,20,M,2,animal,4,N,,,0,1,,1,1,1,,1,1,0,1,0,,,O,B,,B,B,B,,B,B,O,B,T,,,,
animal,64,,30,M,1,animal,4,N,,,1,0,,1,1,1,,1,1,1,1,1,,,B,,,B,B,B,,B,B,B,B,B,,,,
animal,65,,20,F,2,animal,4,N,,,1,1,,1,1,1,,1,0,1,0,0,,,,,,,B,,,,B,,B,,,,,
animal,66,,40,F,1,animal,4,Y,,,1,0,,1,1,1,,1,1,0,1,1,,,,O,,,B,B,,B,B,O,,B,,,,
animal,67,,40,F,2,animal,4,N,,,1,1,,0,1,1,,1,1,1,1,0,,,O,O,,O,B,B,,,B,O,B,O,,,,
animal,68,,30,F,1,animal,4,Y,,,1,1,,1,1,1,,1,1,1,0,1,,,B,B,,B,B,B,,B,,B,,,,,,
animal,71,,30,M,1,animal,4,N,,,1,0,,0,1,1,,1,1,0,0,0,,,B,O,,O,B,B,,B,B,,O,T,,,,
animal,72,,60,M,3,animal,4,Y,,,1,0,,0,1,1,,1,1,1,1,0,,,B,O,,O,B,B,,B,B,B,B,O,,,,
animal,73,,60,M,1,animal,4,N,,,1,1,,1,1,1,,1,1,1,1,1,,,B,B,,B,B,B,,B,B,B,B,B,,,,
animal,74,,40,F,1,animal,4,Y,,,1,0,,1,1,1,,1,1,0,1,0,,,B,O,,B,B,B,,B,B,O,B,T,,,,
animal,75,,30,F,1,animal,4,Y,,,0,0,,1,0,1,,1,1,0,1,0,,,O,,,B,O,B,,B,B,B,B,T,,,,
animal,76,,40,F,2,animal,4,N,,,1,0,,1,1,1,,1,1,0,1,0,,,B,O,,B,B,B,,B,,O,B,O,,,,
animal,77,,30,F,2,animal,4,Y,,,1,1,,0,1,1,,1,1,1,1,0,,,B,B,,O,O,B,,B,B,O,B,O,,,,
animal,78,,30,F,3,animal,4,N,,,0,0,,1,1,1,,1,1,1,0,0,,,B,O,,,B,B,,B,B,O,O,T,,,,
animal,79,,30,F,3,animal,4,N,,,1,0,,1,1,1,,1,1,0,1,0,,,,,,,B,B,,B,B,O,B,T,,,,
animal,80,,40,M,2,animal,4,Y,,,1,0,,0,1,1,,1,1,1,1,0,,,B,O,,O,O,A,,B,B,O,B,T,,,,
animal,81,,40,F,2,animal,4,Y,,,0,0,,1,1,1,,1,1,1,0,0,,,,,,,B,B,,B,,O,B,O,,,,
animal,82,,40,F,2,animal,4,Y,,,0,0,,0,0,0,,1,1,1,0,1,,,O,,,O,O,O,,B,B,B,O,B,,,,
animal,83,,30,F,1,animal,4,Y,,,1,0,,0,1,1,,1,1,1,1,0,,,B,,,T,B,B,,B,B,B,B,T,,,,
animal,84,,40,F,2,animal,4,Y,,,1,0,,1,1,1,,1,1,0,1,1,,,,,,B,,B,,B,B,T,,B,,,,
animal,85,,20,F,1,animal,4,Y,,,0,1,,1,1,1,,1,1,1,1,0,,,,,,B,B,B,,B,B,B,O,T,,,,
animal,86,,40,M,3,animal,4,Y,,,0,0,,0,1,1,,1,1,0,1,0,,,,,,O,,B,,B,,,,T,,,,
animal,87,,20,F,2,animal,4,N,,,1,1,,0,1,1,,1,1,1,1,0,,,B,B,,,B,B,,B,B,,B,T,,,,
animal,88,,20,F,1,animal,4,N,,,1,0,,0,1,1,,0,1,0,0,0,,,,B,,O,B,B,,B,,O,O,T,,,,
animal,89,,30,F,3,animal,4,N,,,1,0,,1,1,1,,1,0,1,0,0,,,B,B,,B,B,B,,B,B,B,B,O,,,,
animal,90,,40,M,2,animal,4,N,,,1,0,,0,1,1,,1,1,0,1,0,,,,,,O,B,B,,B,B,,,B,,,,
animal,91,,40,F,2,animal,4,N,,,1,0,,1,1,1,,1,1,0,1,1,,,B,O,,B,B,B,,B,B,O,B,B,,,,
animal,92,,40,F,3,animal,4,Y,,,1,0,,1,1,1,,1,1,1,1,0,,,B,,,,B,B,,B,B,B,B,T,,,,
animal,93,,40,F,1,animal,4,Y,,,1,1,,0,0,1,,1,1,0,1,1,,,B,B,,O,,B,,B,B,,B,B,,,,
animal,94,,30,F,2,animal,4,Y,,,0,1,,0,1,0,,1,1,1,0,0,,,O,,,O,B,,,B,B,B,T,T,,,,
animal,95,,40,M,1,animal,4,Y,,,1,0,,1,1,1,,1,1,0,1,1,,,O,O,,B,B,B,,B,B,,B,T,,,,
animal,96,,30,F,2,animal,4,Y,,,1,0,,0,0,1,,1,1,1,1,0,,,O,O,,O,O,B,,B,O,B,B,T,,,,
animal,97,,30,F,2,animal,4,Y,,,1,0,,0,1,1,,1,1,0,1,0,,,B,,,T,B,B,,B,B,O,B,T,,,,
animal,98,,30,M,3,animal,4,Y,,,1,0,,1,1,1,,1,1,0,1,0,,,,B,,B,B,B,,B,B,O,B,T,,,,
animal,99,,40,F,2,animal,4,N,,,1,1,,1,1,1,,1,1,0,1,1,,,,,,B,B,B,,B,B,O,B,B,,,,
animal,100,,30,F,3,animal,4,N,,,1,0,,1,1,1,,1,1,1,1,0,,,B,O,,B,B,B,,B,B,O,B,T,,,,
animal,101,,20,F,2,animal,4,N,,,1,1,,1,1,1,,1,1,1,1,0,,,,,,,B,,,B,,,,,,,,
animal,102,,40,F,3,animal,4,Y,,,1,1,,1,1,1,,1,1,1,1,1,,,B,,,,,,,B,B,B,B,T,,,,
animal,103,,30,M,2,animal,4,Y,,,0,0,,1,0,1,,1,0,0,1,1,,,O,,,,A,O,,B,,A,B,B,,,,
animal,70,,30,M,4,animal,4,N,,,0,1,,1,0,0,,1,1,1,1,1,,,,B,,,,,,B,,,,,,,,
human,104,,20,F,2,human,4,N,,,0,0,,1,0,0,,1,0,1,0,0,,,T,O,,B,O,O,,B,T,B,O,T,,,,
human,105,,60,F,1,human,4,Y,,,0,0,,0,1,1,,1,1,1,1,0,,,,,,O,B,,,B,B,,B,T,,,,
human,106,,30,M,3,human,4,N,,,0,0,,0,1,1,,1,0,0,1,0,,,O,O,,O,B,B,,B,O,O,B,T,,,,
human,107,,30,F,2,human,4,Y,,,0,0,,0,0,0,,1,0,0,0,0,,,O,O,,O,O,O,,B,O,O,O,T,,,,
human,108,,20,F,1,human,4,N,,,1,0,,1,0,1,,1,0,1,1,0,,,B,O,,B,,,,B,O,B,B,T,,,,
human,109,,40,F,2,human,4,Y,,,1,0,,0,1,1,,1,1,1,0,0,,,,O,,O,B,B,,B,B,B,T,T,,,,
human,110,,40,M,2,human,4,Y,,,1,1,,1,1,1,,1,1,1,0,0,,,B,B,,O,B,B,,B,B,B,B,T,,,,
human,111,,30,F,2,human,4,Y,,,0,0,,0,1,0,,1,0,0,0,0,,,T,T,,O,B,T,,B,O,T,O,T,,,,
human,112,,40,F,2,human,4,N,,,0,0,,1,0,1,,1,0,1,1,0,,,B,T,,B,O,B,,B,O,B,B,T,,,,
human,113,,30,F,3,human,4,Y,,,0,0,,1,1,0,,1,0,1,0,0,,,O,O,,O,O,O,,B,O,B,O,T,,,,
human,114,,30,F,2,human,4,Y,,,0,0,,0,0,0,,1,0,1,0,0,,,O,O,,O,,A,,B,O,B,O,T,,,,
human,115,,30,F,2,human,4,,,,0,0,,1,1,0,,1,0,0,1,0,,,O,O,,O,B,B,,B,T,O,B,T,,,,
human,116,,20,M,3,human,4,N,,,0,0,,1,1,1,,1,0,1,0,0,,,O,O,,B,,B,,B,,B,O,O,,,,
human,117,,20,F,2,human,4,N,,,0,0,,0,1,1,,1,1,0,0,0,,,T,A,,O,B,B,,B,B,O,T,T,,,,
human,118,,30,M,3,human,4,Y,,,0,0,,0,0,0,,1,0,0,0,0,,,,,,O,O,,,B,O,B,O,O,,,,
human,119,,30,F,2,human,4,N,,,0,0,,1,0,0,,1,0,1,0,0,,,T,T,,B,T,T,,B,T,B,T,T,,,,
human,120,,20,F,1,human,4,N,,,0,0,,0,1,1,,1,0,1,0,0,,,B,,,O,B,B,,B,O,B,B,O,,,,
human,121,,20,F,2,human,4,N,,,0,0,,1,0,0,,1,0,0,0,0,,,O,O,,B,O,O,,B,O,O,O,O,,,,
human,122,,40,M,2,human,4,Y,,,0,0,,0,0,0,,1,0,0,0,0,,,T,O,,O,O,T,,B,T,O,O,T,,,,
human,123,,40,F,1,human,4,Y,,,0,0,,0,0,0,,1,0,0,0,0,,,O,O,,O,O,O,,B,O,,O,T,,,,
human,124,,30,M,2,human,4,N,,,0,0,,1,0,1,,1,0,0,0,0,,,O,O,,B,O,B,,B,O,O,O,O,,,,
human,125,,40,F,1,human,4,N,,,0,0,,0,0,0,,1,0,0,0,0,,,,,,,O,O,,B,,,O,,,,,
human,126,,20,M,2,human,4,N,,,0,1,,1,1,1,,1,0,0,0,0,,,O,B,,,B,B,,B,O,O,B,T,,,,
human,127,,30,M,2,human,4,N,,,0,0,,0,1,1,,1,0,0,1,0,,,O,O,,O,,B,,B,O,O,,T,,,,
human,128,,40,M,1,human,4,N,,,0,0,,1,0,1,,1,0,0,0,0,,,T,O,,B,O,B,,B,O,O,T,T,,,,
human,129,,20,F,2,human,4,N,,,1,1,,1,0,1,,1,1,0,1,0,,,,,,B,,B,,B,B,O,B,T,,,,
human,130,,30,M,2,human,4,N,,,0,0,,1,1,1,,1,0,1,1,0,,,,T,,B,B,B,,B,O,B,,T,,,,
human,131,,30,F,2,human,4,N,,,0,0,,1,1,1,,1,1,0,1,0,,,,O,,B,B,A,,B,B,O,B,T,,,,
human,132,,30,F,2,human,4,Y,,,0,0,,0,0,0,,1,0,0,0,0,,,O,,,O,O,O,,B,O,B,T,T,,,,
human,133,,30,F,2,human,4,Y,,,0,0,,0,0,0,,1,0,0,0,0,,,O,,,,O,O,,B,O,O,O,T,,,,
human,134,,30,M,1,human,4,Y,,,0,0,,0,0,0,,1,0,0,0,0,,,T,O,,O,O,T,,B,O,O,O,T,,,,
human,135,,40,F,1,human,4,Y,,,0,0,,1,0,0,,1,0,0,0,0,,,O,O,,B,O,O,,B,O,O,O,T,,,,
human,136,,30,F,3,human,4,N,,,0,0,,0,0,0,,1,1,0,0,0,,,O,O,,O,,,,B,,O,O,T,,,,
human,137,,40,F,1,human,4,N,,,0,0,,1,1,0,,1,1,1,0,0,,,T,O,,B,B,O,,B,B,B,O,T,,,,
human,138,,40,M,2,human,4,N,,,1,1,,0,0,1,,0,1,1,1,0,,,,,,O,B,B,,B,,,,T,,,,
human,139,,30,M,1,human,4,N,,,0,0,,0,1,0,,1,0,1,0,0,,,,,,O,B,T,,B,T,,O,T,,,,
human,140,,30,M,3,human,4,N,,,0,0,,1,1,1,,1,0,1,1,0,,,O,O,,B,B,B,,B,O,B,B,T,,,,
human,141,,60,F,2,human,4,Y,,,0,0,,0,0,0,,1,0,0,0,0,,,O,O,,O,O,O,,B,O,O,O,T,,,,
human,142,,30,F,2,human,4,Y,,,0,0,,0,0,0,,1,0,0,0,0,,,O,O,,O,O,O,,O,O,B,O,O,,,,
human,143,,30,M,3,human,4,N,,,0,0,,0,0,0,,1,0,0,0,0,,,,,,O,O,,,B,,O,O,T,,,,
human,144,,30,F,2,human,4,Y,,,0,0,,0,0,0,,1,0,1,0,0,,,O,T,,O,A,T,,B,O,B,O,T,,,,
human,145,,40,F,2,human,4,N,,,0,0,,1,0,1,,1,1,0,0,0,,,O,O,,O,O,,,B,B,O,O,T,,,,
human,146,,40,F,2,human,4,Y,,,0,0,,0,0,0,,1,0,0,0,0,,,O,,,O,O,O,,B,O,O,O,O,,,,
human,147,,20,F,1,human,4,N,,,0,0,,1,1,0,,1,0,0,0,0,,,,O,,O,,O,,B,O,O,O,O,,,,
human,148,,20,F,2,human,4,N,,,0,0,,1,1,1,,1,1,1,1,0,,,T,T,,B,B,B,,B,B,B,B,T,,,,
human,149,,40,F,2,human,4,Y,,,0,0,,0,0,1,,1,0,0,0,0,,,O,O,,O,O,,,B,,O,T,T,,,,
human,150,,30,F,2,human,4,N,,,0,0,,0,0,1,,1,0,0,0,0,,,,,,O,,,,B,O,O,O,T,,,,
human,151,,30,F,2,human,4,Y,,,0,0,,0,0,0,,1,0,0,0,0,,,O,O,,O,O,O,,B,,,O,T,,,,
human,152,,40,F,3,human,4,Y,,,0,0,,0,0,0,,1,0,1,0,0,,,O,O,,O,O,O,,B,O,B,O,O,,,,
human,153,,30,M,1,human,4,Y,,,0,0,,1,1,1,,1,0,1,0,0,,,,,,,,B,,B,T,B,T,T,,,,
human,154,,40,F,1,human,4,Y,,,0,0,,0,0,0,,1,0,0,0,0,,,T,B,,,,O,,B,,T,O,T,,,,
human,155,,30,F,3,human,4,N,,,0,0,,1,1,1,,1,1,1,1,0,,,T,O,,B,,B,,B,,,T,T,,,,
human,156,,20,F,2,human,4,Y,,,0,0,,1,0,0,,1,0,0,0,0,,,T,O,,B,,,,B,A,T,T,T,,,,
human,157,,40,M,1,human,4,Y,,,0,0,,0,0,1,,1,0,0,0,0,,,O,O,,O,O,O,,B,O,O,O,T,,,,
human,158,,20,M,2,human,4,Y,,,0,1,,0,0,1,,1,0,1,0,0,,,T,B,,B,O,B,,B,O,B,O,T,,,,
human,159,,40,F,2,human,4,Y,,,0,0,,1,1,1,,1,0,0,0,0,,,T,,,B,B,B,,B,O,O,O,T,,,,
human,160,,40,F,2,human,4,Y,,,1,0,,1,1,1,,1,1,1,1,0,,,B,O,,B,B,B,,B,B,B,B,T,,,,
human,161,,40,M,3,human,4,,,,1,0,,1,1,1,,1,1,1,1,0,,,,,,O,B,B,,B,A,,,O,,,,
human,162,,40,F,2,human,4,Y,,,1,0,,1,0,1,,1,1,0,0,0,,,O,O,,O,O,B,,B,O,O,O,T,,,,
human,163,,60,F,1,human,4,Y,,,0,0,,1,0,1,,1,0,1,0,0,,,O,O,,O,O,B,,B,,B,O,T,,,,
human,164,,20,F,2,human,4,N,,,1,0,,0,1,0,,1,1,1,1,0,,,B,O,,T,B,O,,B,B,B,B,O,,,,
human,165,,30,F,1,human,4,N,,,0,0,,0,0,0,,1,1,0,0,0,,,O,O,,O,O,O,,B,B,O,A,O,,,,
human,166,,40,M,3,human,4,Y,,,0,0,,1,0,1,,1,0,0,0,0,,,O,O,,B,O,B,,B,O,O,O,T,,,,
human,167,,30,M,2,human,4,N,,,1,0,,1,1,1,,1,1,1,1,0,,,B,O,,B,B,B,,B,B,B,B,O,,,,
human,168,,20,F,1,human,4,N,,,0,0,,1,0,1,,1,0,0,1,0,,,,A,,B,A,B,,B,,B,A,T,,,,
human,169,,20,F,2,human,4,N,,,0,0,,0,0,0,,1,0,1,0,0,,,O,O,,O,O,O,,B,O,B,O,O,,,,
human,170,,60,F,2,human,4,N,,,0,0,,1,0,1,,1,0,1,0,0,,,O,O,,B,,B,,B,O,O,O,T,,,,
human,171,,20,M,2,human,4,N,,,0,0,,0,0,1,,1,0,1,1,0,,,O,O,,O,O,B,,B,O,B,B,O,,,,
human,172,,30,F,2,human,4,N,,,0,0,,1,1,1,,1,0,0,1,0,,,O,O,,,,B,,B,O,O,O,T,,,,
human,173,,20,M,3,human,4,Y,,,1,0,,0,0,1,,1,1,0,0,0,,,,,,,B,O,,B,,,,O,,,,
human,174,,20,F,3,human,4,N,,,0,0,,1,0,1,,1,0,1,0,0,,,T,O,,O,O,T,,B,O,B,T,T,,,,
human,175,,20,F,1,human,4,N,,,0,0,,0,1,1,,1,0,0,0,0,,,,,,,,,,B,,,,O,,,,
human,176,,30,F,3,human,4,N,,,0,0,,0,1,0,,1,1,0,0,0,,,O,,,O,B,,,B,B,O,,T,,,,
human,177,,30,M,1,human,4,N,,,0,0,,1,1,1,,1,1,1,1,0,,,O,O,,,B,,,B,,,,O,,,,
human,178,,30,F,1,human,4,Y,,,0,0,,0,1,0,,1,0,1,0,0,,,O,T,,T,B,O,,B,O,B,O,O,,,,
human,179,,30,F,2,human,4,N,,,0,0,,1,0,0,,1,0,0,0,0,,,T,O,,B,O,O,,B,O,O,O,T,,,,
human,180,,40,F,2,human,4,Y,,,1,0,,1,1,1,,1,1,1,1,0,,,,,,B,B,B,,B,B,B,B,T,,,,
human,181,,20,M,1,human,4,N,,,1,0,,1,1,1,,1,1,0,1,0,,,B,,,B,B,B,,B,B,B,,T,,,,
human,182,,30,M,4,human,4,N,,,0,0,,0,1,0,,1,0,0,0,0,,,T,T,,O,B,T,,B,O,O,O,T,,,,
human,183,,30,M,2,human,4,N,,,0,0,,1,0,1,,1,0,1,0,0,,,O,O,,O,B,O,,B,O,B,O,O,,,,
human,184,,40,F,1,human,4,Y,,,0,0,,0,0,0,,1,0,0,0,0,,,O,O,,O,O,O,,B,O,O,O,T,,,,
human,185,,30,F,2,human,4,Y,,,1,0,,1,1,1,,1,1,0,1,0,,,B,O,,,B,B,,B,B,O,B,T,,,,
human,186,,20,F,1,human,4,N,,,0,0,,0,0,1,,1,0,0,0,0,,,O,O,,O,A,B,,B,O,O,O,T,,,,
human,187,,30,M,2,human,4,N,,,1,1,,0,1,1,,1,1,1,1,0,,,B,B,,T,B,B,,B,B,B,B,O,,,,
human,188,,20,F,2,human,4,N,,,1,0,,1,1,1,,1,1,0,1,0,,,B,O,,B,B,B,,B,B,A,B,T,,,,
human,189,,30,M,3,human,4,Y,,,1,0,,0,1,1,,1,1,0,1,0,,,B,O,,O,B,B,,B,B,,B,T,,,,
human,190,,30,F,1,human,4,Y,,,0,0,,0,0,1,,1,0,0,0,0,,,T,O,,O,O,B,,B,O,O,T,T,,,,
human,191,,30,F,1,human,4,Y,,,0,0,,0,0,0,,1,0,0,0,0,,,T,O,,O,O,T,,B,O,O,O,T,,,,
human,192,,40,F,2,human,4,N,,,1,0,,0,0,1,,1,1,1,1,0,,,B,O,,B,O,B,,B,B,B,B,T,,,,
human,193,,40,F,1,human,4,Y,,,1,0,,0,0,1,,1,1,0,1,0,,,B,O,,O,,B,,B,B,O,B,T,,,,
human,194,,40,F,2,human,4,Y,,,0,0,,0,0,0,,1,0,1,0,0,,,T,O,,O,O,O,,B,O,B,O,T,,,,
human,195,,60,F,2,human,4,Y,,,1,0,,1,1,0,,1,0,0,1,0,,,B,O,,B,B,T,,B,,,B,T,,,,
human,196,,40,F,2,human,4,Y,,,0,0,,1,1,1,,1,1,1,0,0,,,T,T,,B,B,B,,B,B,B,T,O,,,,
human,197,,40,F,2,human,4,N,,,1,0,,1,1,0,,1,0,0,0,0,,,B,,,,,B,,B,,B,,O,,,,
human,198,,20,F,1,human,4,N,,,1,0,,1,0,1,,1,1,1,1,0,,,B,,,,,,,B,,B,B,T,,,,
human,199,,60,M,3,human,4,N,,,0,0,,1,0,0,,0,0,0,0,0,,,O,O,,O,O,O,,B,O,,O,O,,,,
human,200,,40,F,1,human,4,Y,,,0,1,,1,1,1,,1,1,0,0,0,,,,,,O,,,,B,,,,O,,,,
human,201,,20,F,2,human,4,Y,,,1,1,,1,1,1,,1,1,1,1,0,,,,,,O,B,B,,B,,B,T,T,,,,
human,202,,30,M,1,human,4,N,,,1,0,,0,1,1,,1,1,1,1,0,,,B,,,O,,B,,B,B,B,B,T,,,,
human,203,,30,F,2,human,4,N,,,1,0,,1,1,1,,1,1,1,1,0,,,,,,,B,O,,B,,B,B,,,,,
child,1,7.317808219,7,F,,1,5,,4,2,2,3,3,1,2,1,1,1,,,,,T,T,A,T,O,B,O,B,B,B,,,,,,,,
child,2,7.564383562,7,F,,1,5,,4,4,5,5,4,5,5,5,1,1,,,,,O,O,T,T,O,O,T,T,T,B,,,,,,,,
child,3,6.57260274,7,F,,1,5,,4,4,5,4,1,2,2,3,1,1,,,,,O,,T,O,B,T,T,O,B,B,,,,,,,,
child,5,7.630136986,7,F,,1,5,,5,3,3,2,2,3,1,1,1,1,,,,,T,T,T,O,O,O,B,B,B,B,,,,,,,,
child,7,7.835616438,7,M,,1,5,,4,3,3,3,4,3,3,3,1,1,,,,,T,O,O,O,O,O,O,O,B,B,,,,,,,,
child,10,7.101369863,7,F,,2,5,,3,4,4,6,4,3,5,3,4,2,,,,,T,,T,T,O,O,T,T,B,B,,,,,,,,
child,16,4.920547945,5,M,,1,5,,6,4,1,3,4,1,6,4,4,1,,,,,O,T,T,T,O,O,O,T,B,B,,,,,,,,
child,17,8.282191781,7,M,,1,5,,4,4,3,3,2,3,4,3,1,2,,,,,O,O,O,O,O,O,O,O,B,O,,,,,,,,
child,18,7.432876712,7,M,,1,5,,4,4,4,3,3,3,4,2,1,1,,,,,T,T,T,O,T,O,T,T,B,B,,,,,,,,
child,21,6.621917808,7,F,,1,5,,4,3.5,3,3.5,2.5,2,3,2.5,1,1.5,,,,,T,T,T,T,O,O,B,B,B,B,,,,,,,,
child,25,7.457534247,7,F,,1,5,,5,4,2,2,3,3,4,3,1,2,,,,,T,O,O,O,O,O,T,T,B,O,,,,,,,,
child,26,6.81369863,7,F,,2,5,,4.5,5,3,4,4,2,4,3,1,1,,,,,T,B,O,O,O,O,O,T,B,B,,,,,,,,
child,27,6.846575342,7,M,,2,5,,3,3,3.5,2,1,2,2,2,1,1,,,,,T,T,T,O,O,O,O,O,B,B,,,,,,,,
child,29,6.78630137,7,F,,1,5,,5,5,5,5,4,5,5,4,2,2,,,,,T,O,T,O,O,O,O,O,O,O,,,,,,,,
child,31,7.221917808,7,F,,1,5,,5,,3,3,2,2,3,4,2,1,,,,,T,,B,,O,O,O,,A,B,,,,,,,,
child,32,7.78630137,7,F,,1,5,,4,5,3,3,3,3,3,4,2,1,,,,,T,T,T,T,O,T,T,T,O,B,,,,,,,,
child,34,7.923287671,7,F,,1,5,,3,3,3,3,2,3,2,2,1,1,,,,,T,T,O,O,O,O,T,O,B,B,,,,,,,,
child,37,7.147945205,7,F,,1,5,,5,4,5,3,4,3,5,3,2,2,,,,,T,O,T,O,O,O,T,O,B,B,,,,,,,,
child,38,5.936986301,5,F,,1,5,,3,4,4,3,3,2,2,2,2,2,,,,,T,O,T,O,O,O,O,B,B,B,,,,,,,,
child,39,7.550684932,7,F,,1,5,,4,3,4,3,3,2,4,2,2,1,,,,,T,O,T,O,T,O,T,T,B,B,,,,,,,,
child,41,6.805479452,7,F,,1,5,,4,3,3,4,4,3,4,4,3,2,,,,,T,T,T,O,O,O,T,T,B,B,,,,,,,,
child,42,6.18630137,5,F,,2,5,,6,4,5,2,4,4,4,1,1,1,,,,,T,T,T,T,O,,T,B,B,B,,,,,,,,
child,44,5.323287671,5,M,,2,5,,5,4,3,5,5,4,5,4,1,1,,,,,T,O,O,O,O,O,O,O,B,B,,,,,,,,
child,47,6.210958904,5,F,,1,5,,5,5,3,3,,2,3,4,2,1,,,,,O,T,O,O,T,T,T,T,T,B,,,,,,,,
child,51,6.391780822,5,F,,1,5,,5,3,4,2,3,4,2,2,2,2,,,,,T,O,O,O,T,T,T,O,O,B,,,,,,,,
child,53,6.065753425,5,F,,1,5,,5,4,4,5,4,5,5,5,3,4,,,,,O,T,T,O,O,T,B,O,B,B,,,,,,,,
child,55,6.249315068,5,F,,1,5,,5,5,5,4,3,1,4,2,1,2,,,,,T,T,O,O,O,B,T,B,O,O,,,,,,,,
child,56,7.821917808,7,M,,1,5,,5,3,3,2,3,4,3,2.5,1,1,,,,,T,O,T,T,O,O,O,O,B,B,,,,,,,,
child,57,5.531506849,5,M,,1,5,,5,3,2,7,2,4,4,6,1,1,,,,,T,T,T,T,O,T,O,T,B,B,,,,,,,,
child,58,5.495890411,5,F,,2,5,,4,3,3,3,4,3,3,4,2,2,,,,,T,T,T,T,T,T,T,T,O,T,,,,,,,,
child,61,8.97260274,7,F,,2,5,,5,4,3,4,3,4,3,3,1,1,,,,,T,O,O,O,O,O,O,T,B,B,,,,,,,,
child,62,6.528767123,7,F,,1,5,,5,4,4,4,4,2,4,4,2,2,,,,,T,O,T,O,O,O,T,O,B,B,,,,,,,,
child,63,6.219178082,5,F,,2,5,,5,3,3,4,3,2,3,3,1,1,,,,,O,O,T,O,O,O,T,O,B,B,,,,,,,,
child,65,6.063013699,5,F,,2,5,,5,4,3,4,2,2,2,4,2,2,,,,,T,O,O,O,T,O,O,O,O,O,,,,,,,,
child,66,6.547945205,7,F,,2,5,,5,4,3,5,3,4,3,3,3,3,,,,,T,O,O,O,O,O,O,B,O,B,,,,,,,,
child,67,8.063013699,7,F,,1,5,,4,2,4,3,2,3,2,2,1,1,,,,,T,O,T,O,O,O,O,B,B,B,,,,,,,,
child,68,7.339726027,7,F,,1,5,,5,3,2,3,1,2,2,2,1,1,,,,,T,O,O,O,O,O,O,B,B,B,,,,,,,,
child,72,5.504109589,5,F,,1,5,,4,5,4,4,5,4,4,3,2,1,,,,,O,O,O,O,O,O,O,O,B,B,,,,,,,,
child,74,6.58630137,7,F,,1,5,,5,4,4,4,2,4,1,2,1,1,,,,,T,O,O,O,O,O,O,O,B,B,,,,,,,,
child,79,6.02739726,5,F,,1,5,,5,3,2,2,2,4,4,3,1,1,,,,,O,O,O,O,O,O,O,O,O,B,,,,,,,,
child,80,5.594520548,5,F,,1,5,,5,3,2,2,3.5,2,3,3,2,2,,,,,O,T,O,O,T,T,O,O,O,O,,,,,,,,
child,81,6.432876712,5,F,,1,5,,4,4,4,4,4,3,4,4,2,2,,,,,T,O,T,O,T,O,O,T,B,B,,,,,,,,
child,84,6.095890411,5,F,,1,5,,2,4,3,5,5,3,4,3,3,3,,,,,T,O,O,O,O,O,O,O,O,B,,,,,,,,
child,85,7.928767123,7,M,,1,5,,4,3,4,3,2,2,3,2,1,1,,,,,T,T,O,B,O,O,O,O,B,B,,,,,,,,
child,86,8.060273973,7,F,,2,5,,4,3,3,4,2,2,3,2,1,1,,,,,T,T,O,O,O,O,O,O,B,B,,,,,,,,
child,88,6.295890411,5,F,,2,5,,5,4,3,5,4,4,4,4,3,2,,,,,O,O,O,T,O,O,O,T,B,O,,,,,,,,
child,89,4.936986301,5,M,,2,5,,7,5,2,4,4,3,2,6,3,3,,,,,O,O,O,O,O,O,,O,B,O,,,,,,,,
child,92,6.065753425,7,F,,2,5,,4,3,4,2,2,2,4,2,2,1,,,,,T,O,O,T,T,O,O,O,O,B,,,,,,,,
child,93,7.005479452,7,F,,2,5,,5,2,4,3,3,2,3,2,2,1,,,,,T,T,T,O,O,O,O,T,B,B,,,,,,,,
child,94,8.895890411,7,M,,2,5,,4,4,2,3.5,3,3,2,1,1,1,,,,,T,O,O,O,O,O,B,B,B,B,,,,,,,,
child,95,5.098630137,5,F,,2,5,,5,4,4,5,4,5,5,4,2,2,,,,,O,O,O,O,O,O,O,O,B,B,,,,,,,,
child,98,6.071232877,5,F,,2,5,,6,3,3,2,2,2,2,3,1,1,,,,,O,O,O,O,O,O,O,O,B,B,,,,,,,,
child,100,6.452054795,5,F,,2,5,,4,3,2,4,3,2,3,4,2,1,,,,,O,O,O,O,O,O,O,O,O,B,,,,,,,,
child,101,6.408219178,5,M,,2,5,,4,5,4,2,4,2,2,2,1,1,,,,,T,O,T,O,T,O,O,O,B,B,,,,,,,,
child,102,6.161643836,5,M,,2,5,,4,3,2,3,4,1,1,1,1,1,,,,,T,T,O,O,O,O,B,B,B,B,,,,,,,,
child,104,5.460273973,5,M,,2,5,,4,2,3,3,3,3,4,3,2,1,,,,,T,O,O,O,O,B,O,,O,B,,,,,,,,
child,105,5.564383562,5,M,,2,5,,5,2,3,2,2,3,2,2,1,1,,,,,T,O,O,O,O,O,O,O,B,B,,,,,,,,
child,107,8.246575342,7,F,,2,5,,4,4,3,3,3,3,3,3,1,1,,,,,T,O,,O,O,O,O,O,B,B,,,,,,,,
child,108,5.454794521,5,F,,2,5,,4,3,1,3,2,4,4,4,3,1,,,,,T,O,O,O,O,O,O,O,B,B,,,,,,,,
child,109,8.928767123,7,F,,2,5,,5,3,4,3,3,3,3,4,2,2,,,,,O,O,O,O,O,O,O,O,O,O,,,,,,,,
child,110,7.98630137,7,F,,1,5,,5,3,4,4,3.5,4.5,4,3,2.5,1.5,,,,,T,O,O,O,O,O,O,O,,O,,,,,,,,
child,111,7.931506849,7,F,,1,5,,5,2,5,4,2,1,5,3,1,1,,,,,T,T,O,T,O,B,T,B,B,B,,,,,,,,
child,113,5.139726027,5,F,,1,5,,5,3,5,4,2,3,2,2,2,2,,,,,O,O,O,O,O,O,,O,O,O,,,,,,,,
child,114,5.139726027,5,M,,1,5,,7,2,4,7,2,4,3,2,2,1,,,,,T,O,T,O,O,O,O,O,O,B,,,,,,,,
child,115,6.635616438,7,M,,1,5,,4,4,3,3,3,4,3,2,2,2,,,,,O,O,O,O,O,O,O,B,B,B,,,,,,,,
child,116,6.315068493,5,F,,1,5,,4,4,3,2,1,1,1,2,1,1,,,,,T,O,O,,B,,O,O,,B,,,,,,,,
child,117,6.802739726,7,F,,1,5,,5,4,3,4,4,3,3,3,2,3,,,,,T,O,O,T,O,O,O,O,B,O,,,,,,,,
child,118,6.309589041,5,F,,1,5,,5,4,3,4,4,3,3,3,2,3,,,,,T,O,T,T,O,O,O,O,B,O,,,,,,,,
child,120,6.939726027,7,F,,1,5,,5,4,5,5,6,2,7,4,3,1,,,,,O,O,B,,O,O,O,O,B,B,,,,,,,,
child,122,6.980821918,5,F,,1,5,,3,2,1,3,1.5,1,2.5,1,1,1,,,,,T,O,O,O,O,O,O,B,B,B,,,,,,,,
child,124,8.663013699,7,F,,1,5,,3.5,1.5,1.5,1.5,3,2,1,2,1,1,,,,,O,T,O,O,O,B,O,O,B,B,,,,,,,,
child,125,7.145205479,7,F,,1,5,,5,2,3,2,4,1,3,3,1,1,,,,,T,T,T,O,T,B,T,O,B,B,,,,,,,,
child,126,7.835616438,7,F,,1,5,,4,2,3,,2,2,3,2,2,2,,,,,T,T,T,O,O,O,T,B,B,B,,,,,,,,
child,127,5.97260274,7,M,,1,5,,,3,4,3,3,3,3,3,,2,,,,,O,O,O,O,O,O,O,O,B,B,,,,,,,,
child,128,8.657534247,7,M,,1,5,,3,2,2,3,2,3,3,1,2,1,,,,,T,,T,O,B,B,T,B,B,B,,,,,,,,
child,129,5.068493151,5,F,,1,5,,3,3,3,4,4,2,4,3,3,2,,,,,T,O,T,B,O,B,T,O,B,B,,,,,,,,
child,130,5.249315068,5,M,,1,5,,5,5,5,5,5,5,5,4,3,4,,,,,T,T,T,T,O,O,T,T,T,O,,,,,,,,
child,131,6.536986301,5,M,,1,5,,5,5,5,3,3,6,4,5,3,1,,,,,T,T,O,T,T,O,O,T,O,B,,,,,,,,
child,132,6,5,M,,1,5,,5,5,5,5,5,5,5,5,5,4,,,,,O,O,O,O,O,O,O,O,O,O,,,,,,,,
child,133,6.306849315,5,F,,1,5,,6,4,3,3,5,4,6,4,2,3,,,,,T,T,O,O,T,O,O,O,O,B,,,,,,,,
child,134,6.37260274,5,F,,1,5,,5,4,4,4,4,3,4,4,1,1,,,,,O,O,T,T,O,O,O,O,B,B,,,,,,,,
child,135,6,5,F,,1,5,,5,4,5,4,5,3,5,4,3,2,,,,,T,O,O,O,O,O,O,O,B,O,,,,,,,,
child,136,6,5,F,,1,5,,5,2,3,1,2,3,2,1,1,2,,,,,T,,,,,B,,,B,O,,,,,,,,
child,137,6,5,F,,1,5,,5,5,4,5,4,4,4,5,1,2,,,,,T,T,O,T,O,B,T,O,B,B,,,,,,,,
child,138,6.095890411,5,M,,1,5,,5,4,5,4,4,4,4,5,4,1,,,,,T,T,T,O,T,T,O,T,B,B,,,,,,,,
child.fc,9,5.010958904,5.010958904,F,,,5,,0,0,0,0,0,0,,,0,0,,,,,T,T,T,T,T,T,,,T,T,,,,,,,,
child.fc,53,5.04,5.04,F,,,5,,0,0,0,0,0,0,,,0,1,,,,,T,T,T,B,T,T,,,T,B,,,,,,,,
child.fc,58,5.131506849,5.131506849,M,,,5,,0,0,0,0,0,0,,,0,0,,,,,B,T,T,O,O,O,,,O,B,,,,,,,,
child.fc,59,5.131506849,5.131506849,M,,,5,,1,0,1,1,0,1,,,1,1,,,,,B,B,B,B,B,B,,,B,B,,,,,,,,
child.fc,56,5.139726027,5.139726027,M,,,5,,0,0,0,0,0,0,,,0,0,,,,,T,B,B,T,O,T,,,O,T,,,,,,,,
child.fc,50,5.230136986,5.230136986,F,,,5,,1,,0,0,,1,,,1,1,,,,,T,,O,B,,B,,,T,B,,,,,,,,
child.fc,34,5.252054795,5.252054795,F,,,5,,0,0,0,0,0,0,,,0,1,,,,,T,T,T,B,O,O,,,B,B,,,,,,,,
child.fc,13,5.282191781,5.282191781,F,,,5,,0,0,0,0,0,1,,,1,1,,,,,T,T,T,T,T,B,,,B,B,,,,,,,,
child.fc,39,5.424657534,5.424657534,M,,,5,,0,0,1,1,0,1,,,1,1,,,,,T,O,B,B,T,B,,,B,B,,,,,,,,
child.fc,47,5.517808219,5.517808219,F,,,5,,0,0,0,0,0,0,,,0,0,,,,,T,T,O,T,B,O,,,B,O,,,,,,,,
child.fc,29,5.591780822,5.591780822,M,,,5,,0,0,0,0,0,0,,,1,1,,,,,O,T,O,O,T,O,,,B,B,,,,,,,,
child.fc,67,5.591780822,5.591780822,M,,,5,,0,0,0,0,1,0,,,0,0,,,,,O,T,T,T,T,T,,,T,O,,,,,,,,
child.fc,63,5.597260274,5.597260274,F,,,5,,0,0,0,0,0,0,,,1,0,,,,,T,T,T,T,T,T,,,B,,,,,,,,,
child.fc,22,5.821917808,5.821917808,F,,,5,,0,0,1,1,0,1,,,1,1,,,,,T,B,B,B,B,B,,,B,B,,,,,,,,
child.fc,24,5.821917808,5.821917808,M,,,5,,0,0,0,0,0,0,,,1,0,,,,,O,O,T,O,O,O,,,B,O,,,,,,,,
child.fc,57,5.857534247,5.857534247,F,,,5,,0,0,0,0,0,0,,,1,1,,,,,O,T,O,T,T,O,,,B,B,,,,,,,,
child.fc,1,5.928767123,5.928767123,M,,,5,,0,0,0,0,0,0,,,0,1,,,,,T,T,T,T,T,T,,,T,B,,,,,,,,
child.fc,40,5.980821918,5.980821918,M,,,5,,0,,0,0,0,0,,,0,0,,,,,T,O,T,T,T,T,,,O,B,,,,,,,,
child.fc,23,5.991780822,5.991780822,M,,,5,,0,0,0,0,0,0,,,1,1,,,,,T,O,T,O,O,O,,,B,B,,,,,,,,
child.fc,7,6.126027397,6.126027397,,,,5,,0,0,1,0,0,0,,,0,1,,,,,T,B,T,T,T,B,,,B,B,,,,,,,,
child.fc,33,6.142465753,6.142465753,F,,,5,,0,0,0,0,0,0,,,1,1,,,,,T,T,T,O,O,B,,,B,B,,,,,,,,
child.fc,32,6.169863014,6.169863014,M,,,5,,0,0,0,0,0,0,,,1,1,,,,,T,T,T,T,T,B,,,B,B,,,,,,,,
child.fc,2,6.18630137,6.18630137,F,,,5,,0,0,0,0,0,0,,,1,1,,,,,T,T,T,T,T,T,,,B,B,,,,,,,,
child.fc,61,6.369863014,6.369863014,F,,,5,,0,0,0,0,0,0,,,1,1,,,,,B,O,T,O,O,T,,,B,B,,,,,,,,
child.fc,6,6.37260274,6.37260274,F,,,5,,0,0,0,0,0,0,,,1,1,,,,,T,T,T,O,B,O,,,O,B,,,,,,,,
child.fc,48,6.57260274,6.57260274,F,,,5,,0,0,0,1,0,0,,,1,0,,,,,T,T,T,O,T,T,,,B,O,,,,,,,,
child.fc,55,6.868493151,6.868493151,F,,,5,,0,0,0,0,0,0,,,0,1,,,,,T,T,T,T,T,T,,,B,B,,,,,,,,
child.fc,10,7.052054795,7.052054795,M,,,5,,0,0,0,0,0,0,,,1,0,,,,,T,T,T,T,T,T,,,B,B,,,,,,,,
child.fc,42,7.076712329,7.076712329,F,,,5,,0,0,0,0,1,0,,,1,1,,,,,T,T,T,T,B,T,,,B,B,,,,,,,,
child.fc,3,7.079452055,7.079452055,F,,,5,,0,0,0,0,0,1,,,1,1,,,,,T,T,T,T,O,B,,,B,T,,,,,,,,
child.fc,41,7.139726027,7.139726027,M,,,5,,0,0,1,0,0,0,,,1,1,,,,,T,T,T,T,T,T,,,B,B,,,,,,,,
child.fc,43,7.347945205,7.347945205,F,,,5,,0,0,0,0,0,0,,,1,1,,,,,T,T,T,T,T,T,,,B,B,,,,,,,,
child.fc,44,7.350684932,7.350684932,F,,,5,,0,0,0,0,0,0,,,1,1,,,,,T,O,O,O,T,B,,,B,B,,,,,,,,
child.fc,14,7.509589041,7.509589041,M,,,5,,0,0,0,0,0,0,,,1,1,,,,,T,T,T,B,O,O,,,B,B,,,,,,,,
child.fc,30,7.660273973,7.660273973,F,,,5,,0,0,0,0,0,0,,,1,1,,,,,O,T,T,T,T,T,,,B,O,,,,,,,,
child.fc,51,7.747945205,7.747945205,M,,,5,,0,0,0,0,0,0,,,1,1,,,,,T,T,T,T,O,B,,,B,B,,,,,,,,
child.fc,52,7.857534247,7.857534247,F,,,5,,0,0,0,0,0,0,,,1,1,,,,,T,T,T,T,T,T,,,B,B,,,,,,,,
child.fc,8,7.882191781,7.882191781,F,,,5,,0,0,0,0,0,0,,,1,1,,,,,T,T,T,T,T,B,,,B,B,,,,,,,,
child.fc,60,8.115068493,8.115068493,M,,,5,,0,0,1,0,0,0,,,1,1,,,,,T,T,B,O,T,T,,,B,O,,,,,,,,
child.fc,15,9.008219178,9.008219178,M,,,5,,0,1,0,0,1,1,,,1,1,,,,,T,B,T,O,B,B,,,B,B,,,,,,,,
scholar,1,,40,F,3,natural,6,N,3,3,2,2,2,1,2,2,1,1,,,,,T,O,B,A,O,B,O,A,B,B,,,,,,,,
scholar,2,,40,F,3,natural,6,N,4,4,3,3,3,2,2,3,1,1,,,,,T,T,O,O,O,O,O,T,B,B,,,,,,,,
scholar,3,,30,F,2,natural,6,N,3,3,3,3,2,2,2,2,1,1,,,,,T,O,O,O,O,O,O,A,B,B,,,,,,,,
scholar,4,,30,F,3,natural,6,N,3,4,3,3,3,2,2,1,1,1,,,,,T,T,T,O,O,B,A,B,B,B,,,,,,,,
scholar,5,,40,F,3,natural,6,N,4,2,3,3,2,1,2,2,1,1,,,,,T,T,T,O,O,B,T,O,B,B,,,,,,,,
scholar,6,,30,F,2,natural,6,N,3,3,3,2,3,1,2,1,1,1,,,,,T,O,O,O,O,O,A,A,B,B,,,,,,,,
scholar,7,,30,F,2,natural,6,N,3,3,4,3,2,2,2,3,1,1,,,,,T,T,O,O,O,O,O,T,B,B,,,,,,,,
scholar,8,,40,F,3,natural,6,N,4,3,3,2,2,2,2,2,1,1,,,,,T,T,O,O,O,O,O,O,B,B,,,,,,,,
scholar,9,,40,M,4,natural,6,N,4,3,2,2,3,3,2,2,1,1,,,,,T,T,B,T,O,O,O,B,B,B,,,,,,,,
scholar,10,,40,M,4,natural,6,N,4,3,3,3,4,3,4,2,2,1,,,,,O,O,O,O,O,O,O,O,B,B,,,,,,,,
scholar,11,,30,F,3,natural,6,N,3,3,2,3,2,1,1,1,1,1,,,,,O,O,O,O,O,B,B,B,B,B,,,,,,,,
scholar,12,,60,M,4,natural,6,Y,4,2,2,2,2,1,2,1,1,1,,,,,T,O,O,O,O,O,O,B,B,B,,,,,,,,
scholar,13,,40,M,3,natural,6,N,4,3,3,3,2,1,3,3,1,1,,,,,T,T,O,O,O,B,O,O,B,B,,,,,,,,
scholar,14,,40,F,3,natural,6,N,4,4,3,3,3,1,3,2,1,1,,,,,O,T,O,O,O,B,O,O,B,B,,,,,,,,
scholar,15,,40,F,3,natural,6,N,5,5,2,3,2,1,2,1,1,1,,,,,T,,A,A,O,O,O,B,B,B,,,,,,,,
scholar,16,,40,M,3,natural,6,Y,4,3,2,2,2,1,2,1,1,1,,,,,T,T,B,O,O,B,O,B,B,B,,,,,,,,
scholar,17,,30,F,3,natural,6,N,4,5,4,3,3,3,3,3,1,1,,,,,T,O,B,T,O,O,A,T,B,B,,,,,,,,
scholar,18,,60,F,4,natural,6,Y,3,3,3,2,2,1,2,2,1,1,,,,,T,T,O,O,O,,A,A,B,,,,,,,,,
scholar,19,,30,M,2,natural,6,N,4,3,3,3,3,2,4,1,1,1,,,,,T,T,A,A,O,O,O,B,B,B,,,,,,,,
scholar,20,,40,M,3,natural,6,N,4,4,2,3,2,1,1,1,1,1,,,,,O,,B,,O,B,B,,,,,,,,,,,
scholar,21,,30,M,2,natural,6,N,4,4,2,2,3,3,2,2,1,1,,,,,T,,O,,O,O,A,O,B,B,,,,,,,,
scholar,22,,60,M,4,natural,6,N,4,3,2,2,2,2,2,1,1,1,,,,,T,B,B,B,O,B,B,B,B,B,,,,,,,,
scholar,23,,40,M,3,natural,6,Y,3,3,3,2,2,1,2,1,1,1,,,,,T,O,O,O,O,B,O,A,B,B,,,,,,,,
scholar,24,,30,F,2,natural,6,N,4,3,3,3,2,2,2,1,1,1,,,,,T,T,B,,O,O,,,B,B,,,,,,,,
scholar,25,,40,F,2,natural,6,N,3,4,3,3,3,4,4,2,2,1,,,,,O,T,O,O,,O,T,O,B,B,,,,,,,,
scholar,26,,40,F,4,natural,6,N,4,3,3,3,2,2,3,2,1,1,,,,,T,O,O,,O,A,B,O,B,B,,,,,,,,
scholar,27,,60,F,3,natural,6,N,4,2,2,2,2,1,2,2,1,1,,,,,T,T,O,,O,O,,,B,B,,,,,,,,
scholar,28,,60,F,4,natural,6,Y,4,3,2,3,2,1,2,2,1,1,,,,,O,O,,O,O,O,,A,B,B,,,,,,,,
scholar,29,,60,F,3,natural,6,Y,4,3,2,3,2,1,3,2,1,1,,,,,T,T,B,O,O,B,A,T,B,B,,,,,,,,
scholar,30,,60,F,4,natural,6,Y,4,3,3,2,2,1,2,1,1,1,,,,,T,O,A,A,O,B,A,B,B,B,,,,,,,,
scholar,31,,60,M,4,natural,6,N,3,3,3,2,3,1,2,2,1,1,,,,,O,T,B,O,O,B,B,B,B,B,,,,,,,,
scholar,32,,40,F,3,natural,6,N,4,3,2,3,3,1,2,2,1,1,,,,,T,O,T,O,O,B,T,A,B,B,,,,,,,,
scholar,33,,60,F,4,natural,6,Y,5,3,5,3,2,4,3,3,1,1,,,,,O,O,O,O,O,O,O,O,B,B,,,,,,,,
scholar,34,,60,F,4,natural,6,Y,5,4,2,3,4,3,2,2,1,1,,,,,T,O,B,O,O,,A,,,B,,,,,,,,
scholar,35,,60,F,4,natural,6,N,4,4,3,2,4,4,1,2,1,1,,,,,,O,,B,,,B,T,B,B,,,,,,,,
scholar,36,,60,F,2,natural,6,Y,4,2,2,3,3,1,3,2,1,1,,,,,T,T,O,O,O,B,T,,B,B,,,,,,,,
scholar,37,,60,F,4,natural,6,Y,5,4,2,3,3,1,3,2,1,1,,,,,T,T,B,O,O,B,O,A,,,,,,,,,,
scholar,38,,60,M,4,natural,6,Y,4,3,3,3,3,1,2,2,1,1,,,,,T,O,B,O,O,B,B,B,B,B,,,,,,,,
scholar,39,,40,M,3,natural,6,N,4,4,2,3,4,3,3,2,1,1,,,,,T,T,O,,O,O,O,O,B,B,,,,,,,,
scholar,40,,60,F,2,natural,6,Y,4,4,2,3,2,2,2,2,1,1,,,,,T,T,O,O,O,T,O,T,,B,,,,,,,,
scholar,41,,60,M,3,natural,6,N,4,3,2,1,2,1,2,1,1,1,,,,,,O,B,O,O,B,O,B,B,B,,,,,,,,
scholar,42,,40,F,4,natural,6,N,5,3,3,2,3,3,3,2,1,1,,,,,T,O,T,O,O,O,O,O,B,B,,,,,,,,
scholar,43,,40,M,4,natural,6,Y,5,4,2,2,3,4,3,2,1,2,,,,,T,T,O,A,O,O,O,B,B,B,,,,,,,,
scholar,44,,40,M,4,natural,6,Y,4,3,2,2,2,1,3,2,1,1,,,,,T,O,O,O,O,B,O,,B,,,,,,,,,
scholar,45,,30,M,2,natural,6,N,4,3,2,3,2,2,2,2,1,1,,,,,O,O,O,O,O,O,O,O,B,B,,,,,,,,
scholar,46,,40,F,2,natural,6,N,4,3,3,3,2,2,2,2,1,1,,,,,T,T,O,O,O,O,B,O,B,B,,,,,,,,
scholar,47,,40,F,4,natural,6,N,4,3,4,5,3,2,5,2,1,1,,,,,T,O,,O,O,O,B,A,B,B,,,,,,,,
scholar,48,,40,M,3,natural,6,Y,3,4,4,3,3,1,3,3,1,1,,,,,T,T,O,O,O,O,O,O,B,B,,,,,,,,
scholar,49,,30,F,3,natural,6,N,4,3,3,2,2,1,2,3,1,1,,,,,T,T,T,T,O,B,O,T,B,B,,,,,,,,
scholar,50,,30,,2,natural,6,N,3,3,2,3,2,2,2,2,1,1,,,,,T,T,O,A,O,O,O,O,B,B,,,,,,,,
scholar,51,,30,F,2,natural,6,N,3,2,3,2,2,2,3,3,1,1,,,,,T,B,O,O,O,B,O,T,B,B,,,,,,,,
scholar,52,,30,F,2,natural,6,N,4,2,2,3,2,2,3,2,1,1,,,,,T,O,O,O,O,O,O,B,B,B,,,,,,,,
scholar,53,,30,F,2,natural,6,N,3,3,2,2,2,1,2,1,1,1,,,,,T,T,T,O,O,B,B,B,B,B,,,,,,,,
scholar,54,,40,F,2,natural,6,N,4,4,3,2,2,1,2,2,1,1,,,,,T,,,,O,O,O,B,B,B,,,,,,,,
scholar,55,,40,F,3,natural,6,N,3,3,3,4,3,2,3,3,1,1,,,,,T,T,,,O,O,O,B,B,,,,,,,,,
scholar,56,,30,M,2,natural,6,N,5,5,3,3,3,2,4,2,1,1,,,,,T,T,,,O,A,O,,B,B,,,,,,,,
scholar,57,,40,F,3,natural,6,N,4,3,2,2,3,2,2,2,1,1,,,,,T,O,,O,O,O,B,B,B,B,,,,,,,,
scholar,58,,60,M,4,natural,6,Y,4,3,4,3,2,1,3,3,1,1,,,,,T,B,B,B,B,B,B,B,B,,,,,,,,,
scholar,59,,40,F,3,natural,6,N,4,3,2,3,2,1,3,2,1,1,,,,,T,,O,O,O,B,A,A,B,B,,,,,,,,
scholar,60,,40,M,3,natural,6,N,3,2,2,2,2,1,2,1,1,1,,,,,O,,O,,O,O,O,B,B,B,,,,,,,,
scholar,61,,30,F,3,natural,6,N,5,4,3,3,3,3,4,4,1,2,,,,,T,O,O,O,O,B,T,T,B,B,,,,,,,,
scholar,62,,40,F,3,natural,6,Y,4,4,3,2,2,2,2,2,1,1,,,,,T,T,O,O,O,O,O,A,B,B,,,,,,,,
scholar,63,,40,F,3,natural,6,N,4,3,3,3,2,2,2,3,1,1,,,,,T,O,O,O,O,O,O,T,B,B,,,,,,,,
scholar,64,,40,F,3,natural,6,N,4,3,3,3,3,2,3,2,1,1,,,,,T,T,O,O,O,O,O,T,B,B,,,,,,,,
scholar,65,,30,F,2,natural,6,N,5,3,3,3,2,1,2,2,1,1,,,,,T,O,T,O,O,B,O,T,B,B,,,,,,,,
scholar,66,,30,M,2,natural,6,N,4,4,3,3,3,2,3,1,1,1,,,,,T,T,O,,O,O,O,B,B,B,,,,,,,,
scholar,67,,30,M,2,natural,6,N,2,3,1,3,2,1,1,1,1,1,,,,,T,T,B,O,O,O,B,B,B,B,,,,,,,,
scholar,68,,40,F,2,natural,6,N,4,4,4,3,3,2,3,2,1,2,,,,,T,B,O,O,O,A,O,,B,B,,,,,,,,
scholar,69,,40,F,3,natural,6,N,4,2,2,2,2,1,1,2,1,1,,,,,T,,B,,O,B,B,A,B,B,,,,,,,,
scholar,70,,30,F,2,natural,6,N,3,3,4,3,3,2,3,3,1,1,,,,,T,O,O,O,O,,O,O,B,,,,,,,,,
scholar,71,,30,F,2,natural,6,N,3,3,2,2,2,2,2,2,1,1,,,,,T,T,O,O,O,,O,B,B,B,,,,,,,,
scholar,72,,40,M,4,natural,6,N,5,3,3,3,2,2,2,1,1,1,,,,,T,O,O,O,O,O,O,B,B,B,,,,,,,,
scholar,73,,40,M,4,natural,6,N,3,4,5,3,4,2,4,2,1,1,,,,,T,T,O,O,O,O,O,O,B,B,,,,,,,,
scholar,74,,40,M,3,natural,6,N,5,3,3,2,3,2,2,2,1,1,,,,,T,,O,O,O,,O,B,B,B,,,,,,,,
scholar,75,,60,F,4,natural,6,N,4,4,3,2,3,3,1,3,1,1,,,,,T,T,O,O,O,O,B,B,B,B,,,,,,,,
scholar,76,,30,M,3,natural,6,N,3,3,2,2,2,1,2,2,1,1,,,,,T,O,,O,O,B,B,A,B,B,,,,,,,,
scholar,77,,30,M,2,natural,6,N,4,3,3,3,3,1,2,2,1,1,,,,,T,T,,,O,B,O,B,B,B,,,,,,,,
scholar,78,,40,M,3,natural,6,N,3,4,4,3,2,1,3,1,1,1,,,,,T,O,O,,O,B,O,B,B,B,,,,,,,,
scholar,79,,40,F,2,natural,6,N,4,3,3,2,2,1,2,1,1,1,,,,,T,O,T,O,O,B,O,B,B,B,,,,,,,,
scholar,80,,60,M,4,natural,6,Y,5,4,3,2,2,1,3,2,1,1,,,,,T,T,O,O,O,B,O,A,B,B,,,,,,,,
scholar,81,,40,F,3,natural,6,N,4,3,3,3,2,2,3,2,1,2,,,,,T,O,,O,O,O,O,B,B,B,,,,,,,,
scholar,82,,40,F,3,natural,6,N,5,3,2,3,2,2,1,1,1,1,,,,,T,O,O,O,O,O,O,,B,B,,,,,,,,
scholar,83,,40,M,3,natural,6,N,4,4,3,2,3,2,3,2,1,1,,,,,T,T,,O,O,O,O,,B,B,,,,,,,,
scholar,84,,40,F,4,natural,6,N,3,3,2,3,2,1,2,1,1,1,,,,,T,T,O,O,O,O,O,B,B,B,,,,,,,,
scholar,85,,60,F,4,natural,6,N,5,3,2,2,2,1,1,1,1,1,,,,,O,B,A,A,O,B,,B,B,B,,,,,,,,
scholar,86,,40,F,3,natural,6,N,4,3,3,2,2,1,2,3,1,1,,,,,T,O,B,O,O,B,O,O,B,B,,,,,,,,
scholar,87,,60,M,4,natural,6,Y,4,3,4,3,2,1,3,3,1,1,,,,,T,O,O,O,O,O,O,O,B,B,,,,,,,,
scholar,88,,40,M,5,natural,6,N,4,3,4,3,3,2,4,3,1,1,,,,,T,O,O,O,O,O,O,T,B,B,,,,,,,,
scholar,89,,60,M,4,natural,6,Y,4,5,3,4,3,4,4,2,1,1,,,,,T,T,,,O,,O,B,B,B,,,,,,,,
scholar,90,,60,F,4,natural,6,Y,4,3,3,2,2,2,3,2,1,1,,,,,T,O,,,O,O,O,,B,B,,,,,,,,
scholar,91,,60,F,4,natural,6,Y,5,3,3,3,2,1,2,2,1,1,,,,,T,O,T,O,O,B,O,A,B,B,,,,,,,,
scholar,92,,40,M,4,natural,6,N,4,3,2,2,2,4,3,2,1,1,,,,,T,B,B,B,O,O,B,B,B,B,,,,,,,,
scholar,93,,60,F,4,natural,6,Y,5,3,3,3,2,1,2,2,1,1,,,,,T,O,T,O,O,B,O,A,A,B,,,,,,,,
scholar,94,,40,M,4,natural,6,N,4,3,2,2,2,4,3,2,1,1,,,,,T,O,B,B,O,O,B,B,B,B,,,,,,,,
scholar,95,,40,,3,natural,6,N,3,4,3,3,3,1,3,1,1,2,,,,,T,O,O,O,O,B,O,B,B,A,,,,,,,,
scholar,96,,40,F,3,natural,6,N,4,5,3,3,3,3,3,3,1,2,,,,,T,T,O,O,O,O,B,A,B,B,,,,,,,,
scholar,97,,60,M,4,natural,6,Y,4,2,2,2,3,1,2,1,1,1,,,,,O,O,O,O,O,O,O,B,B,B,,,,,,,,
scholar,98,,30,F,3,natural,6,N,3,3,3,3,3,2,2,2,1,2,,,,,O,T,O,O,O,O,O,O,B,A,,,,,,,,
scholar,99,,40,M,3,natural,6,Y,4,4,3,3,2,2,2,3,1,1,,,,,T,T,O,O,O,O,B,O,B,B,,,,,,,,
scholar,100,,60,M,2,natural,6,Y,4,3,3,3,2,2,2,1,1,1,,,,,O,T,O,O,O,B,O,B,B,B,,,,,,,,
scholar,101,,30,F,3,mind,6,N,4,5,3,4,2,2,3,2,1,1,,,,,O,,O,A,O,O,O,,B,B,,,,,,,,
scholar,102,,40,M,3,mind,6,N,4,3,2,3,2,2,2,1,1,1,,,,,T,O,B,O,O,O,A,B,B,B,,,,,,,,
scholar,103,,60,M,4,mind,6,N,4,3,2,2,3,1,2,1,1,1,,,,,T,O,O,O,O,B,A,B,B,B,,,,,,,,
scholar,104,,40,F,3,mind,6,N,4,3,2,3,2,2,2,1,1,1,,,,,T,T,O,O,O,,O,O,B,B,,,,,,,,
scholar,105,,60,F,4,mind,6,Y,4,2,1,1,1,1,1,1,1,1,,,,,T,,B,B,B,B,B,B,B,B,,,,,,,,
scholar,106,,40,F,3,mind,6,N,3,3,3,3,2,1,2,2,1,1,,,,,O,O,O,O,O,B,O,,B,B,,,,,,,,
scholar,107,,40,F,4,mind,6,N,4,2,3,2,2,1,3,2,1,1,,,,,T,T,O,O,O,O,O,O,B,B,,,,,,,,
scholar,108,,40,F,3,mind,6,N,4,3,2,2,2,2,2,2,1,1,,,,,T,O,O,O,O,O,A,O,B,B,,,,,,,,
scholar,109,,40,M,3,mind,6,N,4,4,1,2,2,1,2,1,1,1,,,,,T,T,B,O,,B,O,B,B,B,,,,,,,,
scholar,110,,40,F,3,mind,6,N,3,3,2,3,3,1,2,2,1,1,,,,,T,O,A,A,O,B,A,A,B,B,,,,,,,,
scholar,111,,40,F,3,mind,6,N,4,4,3,4,3,1,2,2,1,1,,,,,T,,A,A,O,B,A,A,B,A,,,,,,,,
scholar,112,,40,F,3,mind,6,Y,4,3,5,2,2,1,2,3,1,1,,,,,O,,,,,,,O,,B,,,,,,,,
scholar,113,,40,F,3,mind,6,N,3,3,2,2,2,1,2,2,1,1,,,,,T,O,A,,O,B,A,,B,B,,,,,,,,
scholar,114,,40,F,4,mind,6,Y,4,4,2,2,3,1,2,2,1,1,,,,,T,O,,,,B,,,B,B,,,,,,,,
scholar,115,,40,F,3,mind,6,N,4,3,2,3,3,2,2,1,1,1,,,,,T,O,,A,O,O,A,B,B,B,,,,,,,,
scholar,116,,40,M,2,mind,6,N,4,4,2,3,2,1,2,2,1,1,,,,,T,,,,O,,,A,B,B,,,,,,,,
scholar,117,,40,F,2,mind,6,N,4,4,3,3,2,2,2,1,1,1,,,,,T,T,,,O,B,B,B,B,B,,,,,,,,
scholar,118,,60,M,4,mind,6,Y,3,3,1,2,2,1,2,1,1,1,,,,,T,O,B,O,B,B,A,,B,B,,,,,,,,
scholar,119,,40,M,3,mind,6,N,4,4,3,2,2,2,2,1,1,1,,,,,T,O,,,O,O,A,B,B,B,,,,,,,,
scholar,120,,40,F,4,mind,6,N,4,3,2,2,3,1,2,1,1,1,,,,,T,T,,,O,,,B,B,B,,,,,,,,
scholar,121,,30,F,2,mind,6,N,4,1,3,3,2,1,2,2,1,1,,,,,T,T,O,O,O,B,A,T,B,B,,,,,,,,
scholar,122,,40,F,4,mind,6,N,4,4,3,3,3,3,3,3,1,2,,,,,T,T,,O,O,B,T,T,B,B,,,,,,,,
scholar,123,,30,F,3,mind,6,N,4,3,3,3,3,1,2,2,1,1,,,,,T,O,,,,,,B,B,B,,,,,,,,
scholar,124,,40,F,3,mind,6,N,4,3,3,3,2,1,2,1,1,1,,,,,T,O,O,O,O,B,O,B,B,B,,,,,,,,
scholar,125,,40,F,3,mind,6,N,4,3,3,3,2,2,2,2,1,1,,,,,O,O,O,A,O,B,O,A,B,B,,,,,,,,
scholar,126,,40,M,3,mind,6,N,3,3,3,2,3,1,2,2,1,1,,,,,O,T,O,O,O,B,O,A,B,A,,,,,,,,
scholar,127,,30,F,3,mind,6,N,2,4,2,3,3,1,1,1,1,1,,,,,T,O,O,,O,B,B,B,B,B,,,,,,,,
scholar,128,,40,M,3,mind,6,N,4,3,1,1,1,1,1,1,1,1,,,,,T,A,B,O,B,B,B,B,B,B,,,,,,,,
scholar,129,,60,M,4,mind,6,N,4,3,1,4,1,1,3,1,1,1,,,,,T,O,B,,B,B,,O,B,B,,,,,,,,
scholar,130,,40,F,2,mind,6,N,4,3,2,3,2,2,2,1,1,1,,,,,T,T,O,O,O,O,O,,B,B,,,,,,,,
scholar,131,,40,F,3,mind,6,N,4,3,2,3,2,1,1,1,1,1,,,,,O,O,B,O,O,B,B,B,B,B,,,,,,,,
scholar,132,,60,M,4,mind,6,Y,5,4,3,2,3,1,2,1,1,1,,,,,T,O,B,,O,B,O,B,B,B,,,,,,,,
scholar,133,,60,F,4,mind,6,Y,4,4,2,3,3,2,2,2,1,1,,,,,T,,,A,A,A,A,B,B,B,,,,,,,,
scholar,134,,40,M,3,mind,6,N,5,4,2,3,3,1,2,2,1,1,,,,,T,O,B,A,B,B,,B,B,B,,,,,,,,
scholar,135,,30,F,2,mind,6,N,4,4,3,2,2,2,3,2,1,1,,,,,T,O,,,O,B,,A,B,B,,,,,,,,
scholar,136,,40,F,3,mind,6,N,4,3,2,2,1,1,2,2,1,1,,,,,T,T,A,A,B,B,A,A,B,B,,,,,,,,
scholar,137,,40,F,3,mind,6,N,4,3,2,3,2,2,1,2,1,1,,,,,T,,,,O,,,B,B,B,,,,,,,,
scholar,138,,40,F,3,mind,6,N,4,4,3,3,2,1,3,2,1,1,,,,,T,T,B,,B,B,O,B,B,B,,,,,,,,
scholar,139,,40,F,2,mind,6,N,3,2,4,3,2,1,2,1,1,1,,,,,T,,,,O,B,B,B,B,B,,,,,,,,
scholar,140,,40,F,3,mind,6,N,4,2,3,3,2,1,3,3,1,1,,,,,T,T,O,,O,B,A,O,B,B,,,,,,,,
scholar,141,,40,F,3,mind,6,N,4,4,3,3,2,1,3,2,1,1,,,,,T,,O,O,O,B,A,,B,B,,,,,,,,
scholar,142,,60,F,4,mind,6,N,3,3,3,2,2,2,2,2,1,1,,,,,T,,O,O,O,,,O,B,B,,,,,,,,
scholar,143,,40,F,3,mind,6,N,4,4,3,3,2,2,3,2,1,1,,,,,T,T,A,,O,B,O,,B,B,,,,,,,,
scholar,144,,30,M,2,mind,6,N,4,4,2,3,3,2,2,2,1,1,,,,,T,T,A,A,A,A,,B,B,A,,,,,,,,
scholar,145,,30,F,2,mind,6,N,4,3,2,3,3,1,1,1,1,1,,,,,T,B,B,A,O,B,B,B,B,B,,,,,,,,
scholar,146,,40,M,3,mind,6,N,4,3,3,3,3,3,2,3,1,1,,,,,T,T,T,O,O,O,B,T,,,,,,,,,,
scholar,147,,40,F,3,mind,6,N,4,2,2,2,1,1,2,1,1,1,,,,,T,A,A,B,B,B,,A,B,B,,,,,,,,
scholar,148,,60,F,4,mind,6,N,4,3,2,3,2,1,2,2,1,1,,,,,O,O,O,B,O,B,B,B,B,B,,,,,,,,
scholar,149,,40,F,3,mind,6,N,4,3,3,2,2,1,2,2,1,1,,,,,T,O,O,O,O,B,A,,B,B,,,,,,,,
scholar,150,,30,F,2,mind,6,N,5,3,2,3,2,1,2,1,1,1,,,,,T,B,,,O,B,,B,B,B,,,,,,,,
scholar,151,,30,M,2,mind,6,N,4,3,3,3,3,2,1,2,1,1,,,,,T,O,,,,,,,O,,,,,,,,,
scholar,152,,30,M,2,mind,6,N,4,3,2,3,2,1,2,1,1,1,,,,,T,,,,,,B,B,,B,,,,,,,,
scholar,153,,60,M,4,mind,6,Y,4,3,2,3,2,1,2,2,1,1,,,,,O,T,B,A,O,B,A,A,B,B,,,,,,,,
scholar,154,,40,F,3,mind,6,N,4,2,2,3,3,2,2,2,1,1,,,,,T,,A,,O,O,O,B,B,A,,,,,,,,
scholar,155,,40,M,4,mind,6,N,4,2,2,2,2,1,2,1,1,1,,,,,T,B,B,O,O,B,O,B,B,B,,,,,,,,
scholar,156,,60,F,4,mind,6,N,4,2,3,3,2,1,2,2,1,1,,,,,T,O,O,O,O,,O,T,B,B,,,,,,,,
scholar,157,,40,F,3,mind,6,N,4,3,3,3,2,4,2,2,1,1,,,,,T,T,,,,,O,A,B,B,,,,,,,,
scholar,158,,40,F,2,mind,6,Y,3,3,3,3,2,2,2,2,1,1,,,,,T,T,B,O,O,,A,B,B,A,,,,,,,,
scholar,159,,40,F,4,mind,6,Y,4,3,2,2,2,2,2,2,1,1,,,,,T,T,B,B,O,O,O,A,B,B,,,,,,,,
scholar,160,,40,F,3,mind,6,N,4,3,2,2,2,2,2,2,1,1,,,,,T,B,O,,O,B,,B,,B,,,,,,,,
scholar,161,,40,F,3,mind,6,N,4,3,3,3,2,2,2,2,1,1,,,,,T,,T,O,O,O,A,B,B,B,,,,,,,,
scholar,162,,40,M,4,mind,6,N,4,5,3,4,5,4,3,3,1,1,,,,,O,,,,,O,,O,B,B,,,,,,,,
scholar,163,,60,F,4,mind,6,Y,4,2,3,3,3,1,1,1,1,1,,,,,T,B,T,,O,B,B,B,B,B,,,,,,,,
scholar,164,,40,M,4,mind,6,N,4,3,1,1,2,1,1,1,1,1,,,,,T,O,B,B,O,B,B,B,B,B,,,,,,,,
scholar,165,,40,F,2,mind,6,N,4,4,4,4,5,3,5,2,1,1,,,,,T,O,,,O,O,,T,B,B,,,,,,,,
scholar,166,,30,F,2,mind,6,N,4,3,3,3,3,2,3,2,1,1,,,,,T,O,O,,O,B,A,A,B,B,,,,,,,,
scholar,167,,30,M,3,mind,6,N,3,4,2,3,2,1,3,2,1,1,,,,,T,,,,,B,,,B,B,,,,,,,,
scholar,168,,40,F,3,mind,6,N,3,3,2,2,2,3,2,1,1,1,,,,,T,O,,A,O,A,A,A,B,B,,,,,,,,
scholar,169,,40,M,3,mind,6,N,4,4,3,3,3,2,3,2,2,1,,,,,T,T,O,,O,O,O,O,B,B,,,,,,,,
scholar,170,,60,F,4,mind,6,Y,4,3,3,2,2,2,4,2,1,1,,,,,O,O,T,B,O,B,O,B,B,B,,,,,,,,
scholar,171,,60,F,4,mind,6,N,4,2,3,3,2,1,1,1,1,1,,,,,,,,,,B,,B,B,B,,,,,,,,
scholar,172,,40,F,4,mind,6,N,4,3,3,3,4,5,3,2,1,1,,,,,T,T,O,O,O,O,O,B,B,B,,,,,,,,
scholar,173,,40,F,3,mind,6,N,4,4,2,3,3,1,2,2,1,1,,,,,T,T,O,O,O,O,A,T,B,B,,,,,,,,
scholar,174,,40,F,3,mind,6,N,4,4,3,2,2,1,2,1,1,1,,,,,T,T,O,O,O,B,A,B,B,B,,,,,,,,
scholar,175,,60,F,4,mind,6,Y,5,3,3,3,2,1,2,3,1,1,,,,,O,O,O,O,O,O,O,O,B,B,,,,,,,,
scholar,176,,40,F,2,mind,6,N,4,4,4,3,3,2,2,2,1,1,,,,,T,T,O,,O,B,O,B,B,B,,,,,,,,
scholar,177,,60,F,4,mind,6,Y,3,3,3,2,2,3,2,1,1,1,,,,,T,T,O,O,O,,B,B,B,B,,,,,,,,
scholar,178,,60,F,4,mind,6,Y,5,3,2,3,2,1,2,2,1,1,,,,,T,,,,,,,,B,B,,,,,,,,
scholar,179,,60,M,4,mind,6,Y,4,3,2,2,2,1,2,2,1,1,,,,,T,O,A,A,O,B,A,A,B,B,,,,,,,,
scholar,180,,40,F,3,mind,6,N,4,3,3,3,2,1,2,1,1,1,,,,,T,O,,,O,B,,B,B,B,,,,,,,,
scholar,181,,40,M,3,mind,6,N,4,3,2,3,3,2,3,2,1,1,,,,,,,,,,O,B,A,,B,,,,,,,,
scholar,182,,40,F,3,mind,6,N,5,4,3,3,2,1,2,2,1,1,,,,,T,T,O,O,O,B,O,B,B,B,,,,,,,,
scholar,183,,60,M,4,mind,6,Y,4,3,3,3,3,1,2,2,1,1,,,,,T,O,O,O,O,B,O,B,B,B,,,,,,,,
scholar,184,,40,F,2,mind,6,N,4,3,3,2,3,1,2,1,1,1,,,,,T,T,O,,O,B,B,B,B,B,,,,,,,,
scholar,185,,40,F,3,mind,6,N,4,4,4,3,3,1,2,2,1,1,,,,,T,O,O,O,O,B,A,B,B,B,,,,,,,,
scholar,186,,30,F,3,mind,6,N,4,4,3,3,2,2,1,1,1,1,,,,,T,T,O,O,O,B,B,B,B,B,,,,,,,,
scholar,187,,60,F,3,mind,6,N,3,3,2,3,3,1,3,2,2,1,,,,,T,,,,O,B,O,,,B,,,,,,,,
scholar,188,,40,F,3,mind,6,Y,5,3,3,2,2,2,2,2,1,1,,,,,T,O,O,O,O,O,A,O,B,B,,,,,,,,
scholar,189,,60,F,4,mind,6,Y,5,4,3,4,2,1,2,1,1,1,,,,,T,O,O,O,O,,O,O,B,,,,,,,,,
scholar,190,,40,F,3,mind,6,N,3,3,4,3,2,2,3,2,1,1,,,,,O,,,,O,,,,B,B,,,,,,,,
scholar,191,,40,M,4,mind,6,N,3,4,2,2,2,3,2,2,1,1,,,,,O,,B,,O,O,B,B,B,B,,,,,,,,
scholar,192,,40,F,4,mind,6,N,4,5,4,3,3,2,2,2,1,1,,,,,T,T,O,O,T,O,O,O,B,B,,,,,,,,
scholar,193,,60,M,4,mind,6,Y,5,3,2,4,2,1,2,1,1,1,,,,,T,,O,O,O,O,O,B,B,B,,,,,,,,
scholar,194,,60,F,4,mind,6,Y,4,3,3,3,2,2,2,2,1,1,,,,,T,,,,O,B,,B,B,B,,,,,,,,
scholar,195,,60,F,4,mind,6,Y,4,2,2,2,2,1,2,1,1,1,,,,,O,,,,O,B,,,,,,,,,,,,
scholar,196,,40,F,3,mind,6,N,3,4,3,3,3,1,1,2,1,1,,,,,T,,B,,,B,B,,B,B,,,,,,,,
scholar,197,,60,M,4,mind,6,Y,4,3,2,2,2,1,2,2,1,1,,,,,O,O,A,A,O,B,A,A,B,B,,,,,,,,
scholar,198,,40,M,3,mind,6,Y,4,3,3,3,2,1,3,2,1,1,,,,,T,O,A,A,O,B,A,A,B,B,,,,,,,,
scholar,199,,40,F,4,mind,6,Y,5,5,2,3,2,1,1,2,1,1,,,,,T,O,,O,O,B,,B,B,B,,,,,,,,
scholar,200,,30,F,2,mind,6,N,4,4,3,2,3,3,2,2,1,1,,,,,T,B,T,O,O,B,O,A,B,B,,,,,,,,
scholar,201,,40,M,2,mind,6,N,4,3,1,3,2,1,3,1,1,1,,,,,T,B,B,O,O,B,O,B,B,B,,,,,,,,
scholar,202,,40,F,4,mind,6,N,4,4,3,3,3,1,4,2,1,1,,,,,T,A,O,,O,B,O,B,,B,,,,,,,,
scholar,203,,40,F,4,mind,6,N,4,3,2,4,2,2,4,1,1,1,,,,,T,T,B,O,O,,,B,B,B,,,,,,,,
scholar,204,,60,F,3,mind,6,Y,3,3,1,2,2,2,2,1,1,1,,,,,T,O,B,A,O,O,A,B,B,B,,,,,,,,
scholar,205,,40,M,4,mind,6,N,3,1,1,3,1,1,2,1,1,1,,,,,O,B,B,O,B,B,O,B,B,B,,,,,,,,
scholar,206,,40,M,3,mind,6,Y,4,4,3,3,3,2,3,2,1,1,,,,,T,T,O,O,O,B,,,B,B,,,,,,,,
scholar,207,,40,F,3,mind,6,N,5,3,3,3,3,1,2,2,1,1,,,,,T,O,T,,O,B,O,,B,,,,,,,,,
scholar,208,,40,F,3,mind,6,N,5,4,4,3,3,2,1,1,1,1,,,,,T,O,T,O,O,O,B,B,B,B,,,,,,,,
scholar,209,,40,F,3,mind,6,N,4,4,3,3,2,2,3,2,1,1,,,,,T,O,,A,O,O,O,O,B,B,,,,,,,,
scholar,210,,40,F,4,mind,6,Y,5,4,3,2,4,1,3,2,1,1,,,,,T,T,O,O,O,B,O,O,B,B,,,,,,,,
scholar,211,,40,F,4,mind,6,N,3,2,2,3,2,1,3,2,1,1,,,,,T,B,B,O,,B,,B,B,B,,,,,,,,
scholar,212,,60,F,4,mind,6,Y,4,3,3,2,2,1,2,2,1,1,,,,,T,O,O,B,O,B,A,B,B,B,,,,,,,,
scholar,213,,40,M,4,mind,6,Y,3,2,2,2,2,1,2,2,1,1,,,,,T,,,,O,B,A,,B,B,,,,,,,,
scholar,214,,30,M,3,mind,6,N,4,4,4,3,3,1,4,3,1,1,,,,,T,T,T,O,O,B,O,O,B,B,,,,,,,,
scholar,215,,30,F,2,mind,6,N,4,4,4,3,2,3,3,3,1,1,,,,,T,O,O,O,O,O,O,O,B,B,,,,,,,,
scholar,216,,30,M,2,mind,6,N,5,4,4,4,3,2,3,3,1,1,,,,,T,O,T,O,O,O,O,B,B,B,,,,,,,,
scholar,217,,40,F,3,mind,6,N,4,3,3,2,2,1,2,1,1,1,,,,,A,O,O,B,O,O,O,O,B,B,,,,,,,,
scholar,218,,30,F,3,mind,6,N,5,3,2,3,2,1,2,1,1,1,,,,,O,O,O,O,O,B,O,B,B,B,,,,,,,,
scholar,219,,40,M,3,mind,6,N,4,3,4,2,3,4,3,3,1,1,,,,,O,O,O,O,O,O,O,O,B,B,,,,,,,,
scholar,220,,40,F,4,mind,6,N,3,2,2,4,2,2,3,1,1,1,,,,,T,T,T,O,O,O,O,B,B,B,,,,,,,,
scholar,221,,40,M,3,mind,6,N,4,3,3,3,2,1,2,2,1,1,,,,,T,T,A,A,A,O,A,A,B,B,,,,,,,,
scholar,222,,30,F,2,mind,6,N,3,3,3,3,2,2,4,1,1,1,,,,,T,O,O,O,O,O,T,B,B,B,,,,,,,,
scholar,223,,40,M,5,mind,6,N,4,3,1,2,2,1,1,2,1,1,,,,,T,O,B,O,O,,,T,B,B,,,,,,,,
scholar,224,,30,M,2,mind,6,N,3,4,4,3,2,1,3,2,1,1,,,,,T,T,A,,T,B,,,B,B,,,,,,,,
scholar,225,,60,M,4,mind,6,Y,4,3,3,3,2,1,2,1,1,1,,,,,O,,O,O,O,B,O,B,B,,,,,,,,,
scholar,226,,60,F,4,mind,6,Y,5,3,3,2,2,1,4,3,1,1,,,,,T,O,A,A,O,B,O,B,B,B,,,,,,,,
scholar,227,,30,F,2,mind,6,Y,3,3,3,3,2,1,1,1,1,1,,,,,T,O,O,O,O,O,,B,B,B,,,,,,,,
scholar,228,,30,F,2,mind,6,N,3,2,2,2,2,2,4,3,2,1,,,,,T,T,,,,,,T,B,B,,,,,,,,
scholar,229,,30,F,2,mind,6,N,4,5,4,3,3,1,3,2,1,1,,,,,O,O,,,,B,,O,B,B,,,,,,,,
scholar,230,,40,F,4,mind,6,Y,4,3,4,4,2,1,3,3,1,1,,,,,T,T,T,O,O,B,T,T,B,B,,,,,,,,
scholar,231,,30,F,2,mind,6,N,4,4,3,3,2,3,3,2,1,1,,,,,T,O,O,O,O,O,O,O,B,B,,,,,,,,
scholar,232,,40,F,3,mind,6,N,3,4,3,3,3,2,2,2,1,1,,,,,T,,O,O,,O,,O,B,B,,,,,,,,
scholar,233,,30,F,2,mind,6,N,4,3,3,3,2,2,2,2,1,1,,,,,T,T,O,O,O,O,O,O,B,A,,,,,,,,
scholar,234,,40,F,3,mind,6,N,4,3,3,3,2,1,3,2,1,1,,,,,T,O,,A,O,B,A,A,B,B,,,,,,,,
scholar,235,,30,F,3,mind,6,N,4,3,3,3,3,1,2,2,1,1,,,,,O,O,O,O,O,O,A,A,B,B,,,,,,,,
scholar,236,,40,F,3,mind,6,N,4,3,4,2,2,3,4,2,1,1,,,,,T,O,O,,O,O,,A,B,B,,,,,,,,
scholar,237,,40,F,3,mind,6,N,4,3,3,3,2,1,3,2,1,1,,,,,T,O,,A,O,B,A,A,B,B,,,,,,,,
scholar,238,,30,F,3,mind,6,N,4,3,3,3,3,1,2,2,1,1,,,,,O,O,O,O,O,,A,A,B,B,,,,,,,,
scholar,239,,40,F,3,mind,6,N,4,3,3,3,2,3,2,2,1,1,,,,,T,T,T,O,O,O,O,T,B,B,,,,,,,,
scholar,240,,40,M,2,mind,6,N,3,2,3,2,2,2,2,2,1,1,,,,,T,B,O,,O,B,O,B,B,B,,,,,,,,
scholar,241,,30,F,3,mind,6,N,4,3,3,3,3,4,2,2,1,1,,,,,O,O,,O,O,O,O,B,B,B,,,,,,,,
scholar,242,,40,F,3,mind,6,N,4,3,3,2,2,1,4,1,1,1,,,,,T,O,O,O,O,B,O,B,B,B,,,,,,,,
scholar,243,,40,F,3,mind,6,,4,4,4,3,3,4,4,3,1,1,,,,,O,O,,O,,,O,,B,B,,,,,,,,
scholar,244,,40,M,3,mind,6,N,4,3,1,3,2,1,2,1,1,1,,,,,T,T,B,O,O,B,O,B,B,B,,,,,,,,
scholar,245,,30,F,2,mind,6,N,4,4,3,3,3,1,3,3,1,1,,,,,T,O,O,,O,O,,T,B,B,,,,,,,,
scholar,246,,40,F,3,mind,6,N,4,2,4,3,2,1,2,2,1,1,,,,,T,B,O,,O,B,O,A,B,B,,,,,,,,
scholar,247,,40,F,2,mind,6,N,5,3,2,3,3,1,2,2,1,1,,,,,T,T,B,O,O,B,A,B,B,B,,,,,,,,
scholar,248,,30,F,3,mind,6,N,3,3,1,3,2,2,3,1,1,1,,,,,T,,O,O,O,O,,B,B,B,,,,,,,,
scholar,249,,40,F,3,mind,6,N,5,4,2,4,2,1,2,2,1,1,,,,,T,T,A,O,O,B,O,,B,B,,,,,,,,
scholar,250,,30,F,2,mind,6,N,5,5,4,3,3,2,3,2,1,1,,,,,O,O,T,,O,A,,A,B,B,,,,,,,,
scholar,251,,40,M,2,mind,6,N,3,2,2,2,2,1,1,1,1,1,,,,,T,O,A,O,,A,B,A,B,B,,,,,,,,
scholar,252,,30,F,2,mind,6,N,3,4,2,2,2,1,1,1,1,1,,,,,T,T,,O,O,B,B,B,B,B,,,,,,,,
scholar,253,,60,F,4,mind,6,Y,3,4,3,4,2,1,2,2,1,1,,,,,T,T,O,O,O,B,A,O,B,B,,,,,,,,
scholar,254,,40,M,4,mind,6,Y,5,3,3,2,3,1,2,3,1,1,,,,,T,,B,B,O,B,B,B,B,B,,,,,,,,
scholar,255,,30,M,3,mind,6,N,4,3,2,2,2,1,2,1,1,1,,,,,T,T,O,B,O,B,O,B,B,B,,,,,,,,
scholar,256,,40,F,3,mind,6,N,4,3,1,2,2,1,1,1,1,1,,,,,T,T,B,O,O,B,B,B,B,B,,,,,,,,
scholar,257,,40,F,2,mind,6,N,5,3,4,2,2,2,3,1,1,1,,,,,T,,O,O,O,O,O,B,B,B,,,,,,,,
scholar,258,,60,M,4,mind,6,Y,4,3,2,2,1,2,2,2,1,2,,,,,T,B,B,,B,B,A,B,B,A,,,,,,,,
scholar,259,,40,M,3,mind,6,N,4,4,2,3,2,1,2,1,1,1,,,,,O,O,O,B,O,B,O,B,B,B,,,,,,,,
scholar,260,,60,F,4,mind,6,Y,4,3,3,3,3,1,3,2,1,1,,,,,T,A,,O,O,B,A,,B,A,,,,,,,,
scholar,261,,60,M,4,mind,6,Y,4,3,2,3,3,2,2,2,1,2,,,,,O,T,O,O,O,O,O,O,B,O,,,,,,,,
scholar,262,,40,F,3,mind,6,N,3,4,3,3,3,1,4,3,2,1,,,,,,O,,,,B,,A,B,B,,,,,,,,
scholar,263,,60,F,3,mind,6,Y,4,3,3,2,2,2,2,2,1,1,,,,,O,O,O,,O,O,O,B,B,B,,,,,,,,
scholar,264,,60,M,4,mind,6,Y,5,3,3,3,2,2,2,1,1,1,,,,,T,O,,O,O,O,,B,B,B,,,,,,,,
scholar,265,,40,F,3,mind,6,N,4,3,1,2,2,1,1,1,1,1,,,,,T,T,B,O,O,B,B,B,B,B,,,,,,,,
scholar,266,,40,F,3,mind,6,N,3,4,2,3,2,1,2,1,1,1,,,,,T,T,O,O,O,B,B,B,A,B,,,,,,,,
scholar,267,,30,F,3,mind,6,N,4,3,3,3,2,2,2,1,1,1,,,,,T,T,O,O,O,O,A,B,B,B,,,,,,,,
scholar,268,,60,F,4,mind,6,Y,4,4,3,3,2,2,3,2,1,1,,,,,T,O,O,O,O,O,,B,B,B,,,,,,,,
scholar,269,,60,M,4,mind,6,N,4,1,1,1,1,1,1,1,1,1,,,,,T,B,B,B,B,B,B,B,B,B,,,,,,,,
scholar,270,,30,M,2,mind,6,N,3,3,1,3,2,1,2,1,1,1,,,,,T,A,O,,O,B,B,,B,B,,,,,,,,
scholar,271,,40,F,3,mind,6,N,4,3,2,3,2,2,2,2,1,1,,,,,T,O,,A,O,B,A,A,B,B,,,,,,,,
scholar,272,,30,F,3,mind,6,N,5,3,2,3,2,1,2,1,1,1,,,,,T,B,B,O,O,B,O,B,B,B,,,,,,,,
scholar,273,,40,M,4,mind,6,N,4,3,1,3,2,2,1,1,1,1,,,,,T,O,B,O,O,A,B,B,B,B,,,,,,,,
scholar,274,,40,M,4,mind,6,N,4,3,2,4,2,1,1,1,1,1,,,,,T,O,B,O,O,B,B,B,B,B,,,,,,,,
scholar,275,,40,F,2,mind,6,N,5,4,3,3,2,3,3,1,1,1,,,,,T,O,O,A,O,O,,B,B,,,,,,,,,
scholar,276,,40,F,4,mind,6,N,4,5,3,2,2,1,2,2,1,1,,,,,T,T,O,O,O,O,O,A,B,B,,,,,,,,
scholar,277,,60,M,4,mind,6,Y,3,4,3,3,2,1,5,2,1,1,,,,,,T,,O,O,B,,A,B,B,,,,,,,,
scholar,278,,60,F,4,mind,6,Y,4,2,2,3,2,1,2,2,1,1,,,,,T,O,B,,O,B,O,A,B,B,,,,,,,,
scholar,279,,30,M,2,mind,6,N,4,3,2,3,2,2,2,1,1,1,,,,,T,O,O,O,O,O,B,B,B,B,,,,,,,,
scholar,280,,60,M,4,mind,6,Y,4,2,2,3,2,2,2,3,1,1,,,,,T,O,B,O,O,O,O,,B,O,,,,,,,,
scholar,281,,40,F,3,mind,6,N,3,3,2,1,1,2,1,1,1,1,,,,,T,O,,O,O,O,A,B,B,B,,,,,,,,
scholar,282,,40,F,4,mind,6,N,5,3,1,2,2,1,1,1,1,1,,,,,T,O,B,O,O,B,B,B,B,B,,,,,,,,
scholar,283,,60,F,4,mind,6,Y,3,2,2,2,2,1,2,1,1,1,,,,,O,O,O,O,O,O,O,B,B,B,,,,,,,,
scholar,284,,30,F,3,mind,6,N,4,3,3,3,2,1,2,2,1,1,,,,,T,O,A,O,O,B,O,B,B,B,,,,,,,,
scholar,285,,40,M,2,mind,6,N,3,4,2,3,2,3,3,1,1,1,,,,,O,T,B,O,O,B,,B,B,B,,,,,,,,
scholar,286,,40,M,3,mind,6,N,3,4,1,2,2,1,1,1,1,1,,,,,T,T,B,O,O,B,B,B,B,B,,,,,,,,
scholar,287,,40,F,4,mind,6,Y,4,3,2,2,2,1,2,3,1,1,,,,,T,T,,O,O,B,A,,B,B,,,,,,,,
scholar,288,,40,F,3,mind,6,N,4,5,4,4,2,1,2,2,1,2,,,,,O,,A,,,B,,,B,,,,,,,,,
scholar,289,,40,M,3,mind,6,N,3,2,2,2,2,1,2,2,1,1,,,,,T,,O,O,O,B,A,O,B,B,,,,,,,,
scholar,290,,30,F,3,mind,6,N,3,4,3,3,1,1,2,1,1,1,,,,,T,T,T,O,O,O,O,B,B,B,,,,,,,,
scholar,291,,60,F,4,mind,6,Y,5,3,2,3,2,1,2,1,1,1,,,,,O,O,O,O,O,O,A,B,B,B,,,,,,,,
scholar,292,,30,F,3,mind,6,N,4,3,3,4,3,1,3,1,1,1,,,,,T,O,,O,O,B,A,B,B,B,,,,,,,,
scholar,293,,40,F,3,mind,6,N,4,4,3,3,3,2,2,1,1,1,,,,,T,T,B,A,O,O,B,B,B,B,,,,,,,,
scholar,294,,40,F,3,mind,6,N,3,2,3,3,3,2,2,1,1,1,,,,,T,T,A,A,O,A,A,B,B,B,,,,,,,,
scholar,295,,40,F,2,mind,6,N,4,3,2,3,2,1,2,1,1,1,,,,,T,T,,O,O,B,O,B,B,B,,,,,,,,
scholar,296,,40,F,3,mind,6,Y,4,4,3,3,3,2,3,2,1,1,,,,,O,,O,O,O,O,,B,B,B,,,,,,,,
scholar,297,,40,F,2,mind,6,N,4,4,3,2,2,2,2,1,1,1,,,,,T,O,O,O,O,B,B,B,B,B,,,,,,,,
scholar,298,,30,F,3,mind,6,N,3,2,2,2,3,2,3,2,1,1,,,,,T,O,O,O,O,,,O,B,B,,,,,,,,
scholar,299,,40,F,3,mind,6,N,4,4,3,3,2,2,2,1,1,1,,,,,T,T,A,O,O,O,A,B,B,A,,,,,,,,
scholar,300,,60,F,4,mind,6,Y,4,3,3,3,2,3,2,1,1,1,,,,,T,T,T,O,O,O,O,B,B,B,,,,,,,,
scholar,301,,60,F,4,humanity,6,Y,4,5,4,2,2,2,3,3,1,1,,,,,T,T,,O,O,O,O,T,B,B,,,,,,,,
scholar,302,,30,F,2,humanity,6,,4,2,2,3,1,2,1,1,1,1,,,,,T,T,,T,,O,B,B,B,B,,,,,,,,
scholar,303,,40,F,3,humanity,6,N,5,4,3,3,3,2,2,3,1,1,,,,,T,T,O,O,O,O,O,O,B,B,,,,,,,,
scholar,304,,40,F,3,humanity,6,N,5,5,4,3,3,3,4,3,1,1,,,,,T,T,O,O,O,O,O,B,B,B,,,,,,,,
scholar,305,,30,F,3,humanity,6,N,3,3,3,3,2,3,3,3,2,1,,,,,T,T,T,O,O,B,T,T,B,B,,,,,,,,
scholar,306,,30,M,3,humanity,6,N,4,3,5,3,2,2,2,2,1,1,,,,,T,T,A,O,O,O,O,B,B,B,,,,,,,,
scholar,307,,60,F,4,humanity,6,Y,4,3,3,2,2,1,3,2,1,1,,,,,T,O,,O,O,O,O,B,B,B,,,,,,,,
scholar,308,,40,F,4,humanity,6,N,5,5,3,2,3,4,4,3,1,1,,,,,T,O,,O,O,,,B,,B,,,,,,,,
scholar,309,,60,F,4,humanity,6,Y,3,3,2,2,2,1,1,1,1,1,,,,,O,O,O,O,O,O,B,B,B,B,,,,,,,,
scholar,310,,60,F,4,humanity,6,Y,5,5,3,4,2,2,2,2,1,1,,,,,,O,O,O,O,O,O,O,B,B,,,,,,,,
scholar,311,,60,F,4,humanity,6,N,5,4,3,3,3,2,3,2,1,1,,,,,O,T,O,,O,O,O,,B,,,,,,,,,
scholar,312,,60,M,4,humanity,6,Y,4,3,2,2,2,1,3,2,1,1,,,,,O,T,O,,O,B,T,T,B,B,,,,,,,,
scholar,313,,60,F,4,humanity,6,N,4,2,2,3,2,2,1,1,1,1,,,,,T,A,O,O,O,O,,A,B,B,,,,,,,,
scholar,314,,40,F,3,humanity,6,N,4,3,2,2,3,1,2,2,1,1,,,,,T,T,B,B,O,B,B,B,B,B,,,,,,,,
scholar,315,,60,F,4,humanity,6,Y,5,4,3,2,2,1,2,2,1,1,,,,,T,T,B,,O,,,,,,,,,,,,,
scholar,316,,40,M,4,humanity,6,N,4,3,2,2,4,3,2,1,1,1,,,,,T,T,B,,,,,B,B,B,,,,,,,,
scholar,317,,60,F,4,humanity,6,N,4,2,3,3,3,1,3,3,1,1,,,,,T,,O,,O,B,B,,B,B,,,,,,,,
scholar,318,,40,F,3,humanity,6,N,3,3,2,2,2,1,2,2,1,1,,,,,T,,O,O,O,B,O,O,B,B,,,,,,,,
scholar,319,,40,F,4,humanity,6,N,3,4,3,3,3,3,2,2,1,1,,,,,T,T,O,,,A,A,A,B,A,,,,,,,,
scholar,320,,60,M,4,humanity,6,N,4,4,3,3,2,2,2,2,1,1,,,,,T,T,T,O,O,O,O,B,B,B,,,,,,,,
scholar,321,,40,F,3,humanity,6,Y,5,4,3,3,2,1,3,2,1,1,,,,,T,T,O,A,O,A,A,B,B,B,,,,,,,,
scholar,322,,30,F,2,humanity,6,N,4,3,3,4,3,3,1,2,1,1,,,,,T,T,A,,A,A,B,B,B,B,,,,,,,,
scholar,323,,60,M,4,humanity,6,N,4,4,2,3,2,1,4,1,1,1,,,,,T,,,A,O,O,B,B,,B,,,,,,,,
scholar,324,,60,F,4,humanity,6,Y,4,3,3,2,2,1,2,2,1,1,,,,,T,T,O,O,O,B,O,A,B,B,,,,,,,,
scholar,325,,40,M,3,humanity,6,Y,4,3,2,2,3,2,2,2,1,2,,,,,O,,A,,O,A,O,O,B,A,,,,,,,,
scholar,326,,60,F,3,humanity,6,Y,5,3,3,2,2,1,3,2,1,1,,,,,T,O,,,O,B,O,,B,B,,,,,,,,
scholar,327,,40,F,3,humanity,6,Y,4,2,3,2,2,2,3,2,1,1,,,,,,B,,,O,B,,,B,B,,,,,,,,
scholar,328,,40,M,4,humanity,6,N,4,3,3,3,3,2,3,3,2,1,,,,,T,B,B,B,B,B,B,B,B,B,,,,,,,,
scholar,329,,40,F,4,humanity,6,Y,4,3,2,3,2,1,2,2,1,1,,,,,T,O,A,,O,B,A,B,B,B,,,,,,,,
scholar,330,,40,M,3,humanity,6,N,4,4,2,3,2,3,1,1,1,1,,,,,T,,,,,,B,B,,B,,,,,,,,
scholar,331,,30,M,2,humanity,6,N,4,4,3,3,3,2,1,1,1,1,,,,,O,O,O,O,O,O,,,,B,,,,,,,,
scholar,332,,40,M,4,humanity,6,N,4,4,3,2,3,2,2,1,1,1,,,,,T,T,B,B,B,B,B,B,B,B,,,,,,,,
scholar,333,,60,M,3,humanity,6,Y,4,3,3,3,2,1,2,3,1,1,,,,,T,T,O,O,O,B,B,A,B,B,,,,,,,,
scholar,334,,40,F,2,humanity,6,Y,4,3,2,2,2,2,2,2,1,1,,,,,O,,O,O,O,O,O,T,B,A,,,,,,,,
scholar,335,,60,F,3,humanity,6,N,5,3,3,3,2,4,3,2,1,1,,,,,T,T,O,O,O,O,O,O,B,B,,,,,,,,
scholar,336,,60,M,4,humanity,6,Y,4,3,2,3,2,1,1,1,1,1,,,,,T,T,A,A,A,O,,A,B,B,,,,,,,,
scholar,337,,60,F,4,humanity,6,Y,4,3,2,2,2,1,2,1,1,1,,,,,O,T,O,A,O,O,O,B,B,B,,,,,,,,
scholar,338,,60,F,3,humanity,6,N,5,4,4,2,2,2,4,3,1,1,,,,,T,T,O,,O,O,,A,B,B,,,,,,,,
scholar,339,,60,F,3,humanity,6,Y,4,3,3,2,2,1,2,2,1,1,,,,,T,O,O,O,O,,O,B,B,B,,,,,,,,
scholar,340,,60,M,4,humanity,6,N,3,3,2,2,2,1,1,1,1,1,,,,,T,O,B,,O,B,O,T,,B,,,,,,,,
scholar,341,,30,F,2,humanity,6,N,4,4,3,4,2,4,3,3,1,1,,,,,T,O,O,O,O,O,O,T,,B,,,,,,,,
scholar,342,,60,F,4,humanity,6,N,5,3,2,2,2,1,3,2,1,1,,,,,T,T,O,O,O,B,O,B,B,B,,,,,,,,
scholar,343,,30,F,3,humanity,6,N,4,4,4,3,2,2,2,2,1,1,,,,,O,,A,A,O,O,,A,B,B,,,,,,,,
scholar,344,,40,M,4,humanity,6,N,4,3,3,2,2,2,2,2,1,1,,,,,T,T,T,A,O,O,,B,B,B,,,,,,,,
scholar,345,,60,F,4,humanity,6,Y,4,3,2,2,2,2,3,2,1,1,,,,,T,T,,O,O,O,O,B,B,B,,,,,,,,
scholar,346,,60,F,4,humanity,6,Y,4,3,3,2,2,3,2,2,1,1,,,,,T,T,O,B,O,O,,B,B,B,,,,,,,,
scholar,347,,60,F,4,humanity,6,N,4,4,2,3,2,2,4,3,1,2,,,,,T,T,O,O,O,,O,A,B,A,,,,,,,,
scholar,348,,40,F,3,humanity,6,N,4,3,2,2,2,2,2,2,1,1,,,,,T,B,B,B,O,O,A,A,B,,,,,,,,,
scholar,349,,40,F,4,humanity,6,N,4,3,4,3,2,2,1,2,1,1,,,,,T,,O,O,O,O,B,B,B,B,,,,,,,,
scholar,350,,40,F,3,humanity,6,Y,4,2,3,2,2,1,2,2,1,1,,,,,T,O,O,O,O,B,A,A,B,B,,,,,,,,
scholar,351,,60,F,4,humanity,6,Y,5,2,3,2,2,1,2,2,1,1,,,,,T,,O,O,O,B,A,A,B,B,,,,,,,,
scholar,352,,60,M,4,humanity,6,Y,4,3,2,2,3,1,3,2,1,1,,,,,T,O,,O,O,O,O,,B,B,,,,,,,,
scholar,353,,60,F,3,humanity,6,Y,4,3,3,3,2,1,2,1,1,1,,,,,T,O,,,O,B,A,B,B,B,,,,,,,,
scholar,354,,40,F,4,humanity,6,N,4,3,3,3,2,1,3,2,1,1,,,,,T,T,O,O,O,B,O,A,B,B,,,,,,,,
scholar,355,,40,F,2,humanity,6,N,4,3,3,3,2,1,4,3,1,1,,,,,T,,,O,O,B,A,,B,B,,,,,,,,
scholar,356,,60,F,3,humanity,6,Y,4,3,3,3,3,1,2,2,1,1,,,,,T,,B,,O,B,A,,B,B,,,,,,,,
scholar,357,,60,F,4,humanity,6,Y,5,4,3,3,3,1,2,1,1,1,,,,,T,T,,,O,B,A,A,B,B,,,,,,,,
scholar,358,,60,F,4,humanity,6,Y,4,3,2,2,2,1,2,1,1,2,,,,,T,O,A,A,A,B,A,B,B,,,,,,,,,
scholar,359,,40,M,3,humanity,6,N,3,3,3,2,2,3,2,2,1,1,,,,,O,O,O,O,O,,,,B,B,,,,,,,,
scholar,360,,40,F,3,humanity,6,N,4,3,2,2,2,1,2,1,1,1,,,,,T,O,O,,O,B,A,B,B,B,,,,,,,,
scholar,361,,60,F,4,humanity,6,Y,4,3,3,2,2,3,3,2,1,1,,,,,T,O,O,O,O,O,O,O,B,B,,,,,,,,
scholar,362,,60,F,4,humanity,6,Y,4,3,3,2,2,3,3,2,1,1,,,,,T,T,O,O,O,O,O,O,B,B,,,,,,,,
scholar,363,,40,F,3,humanity,6,N,4,3,2,2,2,1,2,1,1,1,,,,,T,T,A,A,A,B,A,B,B,B,,,,,,,,
scholar,364,,60,M,4,humanity,6,Y,5,3,2,2,2,2,2,2,1,1,,,,,T,,,O,O,,O,A,B,A,,,,,,,,
scholar,365,,40,M,3,humanity,6,Y,4,3,3,2,2,2,3,3,1,1,,,,,T,O,O,O,O,A,A,A,B,B,,,,,,,,
scholar,366,,40,F,3,humanity,6,N,4,3,3,2,2,1,2,1,1,1,,,,,T,T,O,O,O,B,O,B,B,B,,,,,,,,
scholar,367,,30,F,2,humanity,6,N,5,4,3,3,2,2,3,2,1,1,,,,,T,O,A,A,O,O,,A,B,B,,,,,,,,
scholar,368,,60,F,4,humanity,6,N,5,2,3,2,2,2,2,2,1,1,,,,,T,T,B,,O,O,,B,B,B,,,,,,,,
scholar,369,,60,F,3,humanity,6,Y,3,3,4,2,2,2,3,2,1,1,,,,,O,T,,O,O,O,O,T,B,B,,,,,,,,
scholar,370,,40,F,2,humanity,6,N,4,3,2,3,2,2,4,2,1,1,,,,,T,T,B,O,O,A,,B,B,B,,,,,,,,
scholar,371,,40,F,3,humanity,6,N,5,4,2,2,2,3,2,2,1,1,,,,,T,T,,O,O,T,,O,,,,,,,,,,
scholar,372,,30,M,2,humanity,6,N,3,2,2,2,2,1,1,1,1,1,,,,,T,B,A,A,A,B,B,A,B,B,,,,,,,,
scholar,373,,60,F,3,humanity,6,N,4,2,3,3,3,2,2,3,2,2,,,,,T,O,B,O,O,O,A,T,,A,,,,,,,,
scholar,374,,60,F,4,humanity,6,Y,3,2,2,2,2,1,2,2,1,1,,,,,T,T,O,O,O,O,T,T,B,O,,,,,,,,
scholar,375,,40,F,4,humanity,6,N,4,3,3,3,2,1,2,2,1,1,,,,,T,B,,,O,A,A,A,B,B,,,,,,,,
scholar,376,,40,,3,humanity,6,N,4,4,3,3,2,3,2,2,1,1,,,,,T,T,O,O,O,O,B,A,B,B,,,,,,,,
scholar,377,,40,F,3,humanity,6,N,4,4,3,3,3,2,3,2,1,1,,,,,T,T,O,O,O,,,,B,B,,,,,,,,
scholar,378,,40,F,3,humanity,6,N,4,3,2,3,3,2,3,3,1,1,,,,,T,T,,O,O,O,T,T,,O,,,,,,,,
scholar,379,,30,F,3,humanity,6,N,4,4,3,3,3,4,4,2,1,1,,,,,T,O,O,O,O,,O,,B,B,,,,,,,,
scholar,380,,40,F,4,humanity,6,N,4,4,4,3,3,2,3,3,1,1,,,,,T,T,T,O,O,A,T,T,B,B,,,,,,,,
scholar,381,,40,F,3,humanity,6,N,4,4,2,3,2,2,4,3,1,1,,,,,T,T,O,A,O,O,O,O,B,B,,,,,,,,
scholar,382,,60,M,3,humanity,6,Y,3,3,2,3,2,1,2,2,1,1,,,,,T,O,O,O,O,B,O,O,B,B,,,,,,,,
scholar,383,,40,F,2,humanity,6,N,5,3,3,3,3,1,2,2,1,1,,,,,T,B,O,O,O,B,A,O,B,B,,,,,,,,
scholar,384,,40,M,3,humanity,6,N,3,3,3,2,2,2,2,2,1,1,,,,,T,T,,O,O,A,A,A,B,B,,,,,,,,
scholar,385,,40,,3,humanity,6,N,3,3,3,3,3,2,3,2,1,1,,,,,T,O,O,O,O,O,O,O,B,B,,,,,,,,
scholar,386,,60,F,4,humanity,6,N,3,3,3,3,2,1,3,2,1,1,,,,,T,T,,,O,B,A,,B,A,,,,,,,,
scholar,387,,40,M,3,humanity,6,Y,3,5,3,3,2,1,4,3,1,1,,,,,O,O,O,O,O,O,O,O,B,B,,,,,,,,
scholar,388,,60,F,4,humanity,6,N,3,3,2,2,2,2,3,2,1,1,,,,,T,,,O,O,O,O,,B,B,,,,,,,,
scholar,389,,40,F,3,humanity,6,N,5,4,2,3,3,2,3,2,1,1,,,,,T,O,O,,O,O,,A,B,B,,,,,,,,
scholar,390,,40,M,4,humanity,6,Y,4,3,3,2,2,1,2,2,1,1,,,,,T,B,O,O,O,O,O,B,B,B,,,,,,,,
scholar,391,,30,F,3,humanity,6,N,4,4,4,3,3,2,4,2,1,1,,,,,T,O,,O,O,O,,O,B,B,,,,,,,,
scholar,392,,40,M,3,humanity,6,N,3,3,3,2,2,1,2,1,1,1,,,,,T,T,O,O,O,B,A,B,B,B,,,,,,,,
scholar,393,,40,F,3,humanity,6,N,4,3,4,2,2,3,4,2,1,1,,,,,T,O,O,,O,O,O,A,B,B,,,,,,,,
scholar,394,,40,M,3,humanity,6,N,4,4,3,3,3,1,3,2,1,1,,,,,T,T,T,O,O,B,O,B,B,B,,,,,,,,
scholar,395,,60,F,4,humanity,6,Y,4,3,3,2,2,1,2,2,1,1,,,,,T,T,O,O,O,B,O,B,B,B,,,,,,,,
scholar,396,,40,M,3,humanity,6,N,4,4,3,3,3,1,3,2,1,1,,,,,T,T,T,O,O,B,O,B,B,B,,,,,,,,
scholar,397,,60,F,4,humanity,6,Y,4,3,3,2,2,1,2,2,1,1,,,,,T,T,O,O,O,B,O,B,B,B,,,,,,,,
scholar,398,,60,F,4,humanity,6,Y,4,3,3,2,2,1,3,3,1,1,,,,,T,B,,O,O,B,O,T,B,B,,,,,,,,
scholar,399,,40,M,3,humanity,6,N,3,2,1,1,2,1,2,1,1,1,,,,,T,B,B,B,O,B,O,B,B,B,,,,,,,,
scholar,400,,60,F,3,humanity,6,N,5,4,4,3,3,4,3,3,1,2,,,,,T,T,A,O,,A,A,T,B,A,,,,,,,,
child.ha,6,,,,,A,,,,,1,5,,5,1,1,,1,1,,5,5,,,B,O,,O,B,B,,B,,,O,O,,,,
child.ha,8,,,,,A,,,,,1,1,,5,1,1,,1,1,,5,5,,,B,O,,B,B,B,,B,B,,O,O,,,,
child.ha,9,,,,,A,,,,,1,3,,1,1,1,,1,1,,3,3,,,B,O,,B,B,B,,B,B,,O,O,,,,
child.ha,10,,,,,A,,,,,5,5,,5,5,5,,5,1,,5,5,,,O,O,,B,O,O,,B,B,,O,,,,,
child.ha,14,,,,,A,,,,,1,5,,1,5,1,,1,1,,1,5,,,O,O,,B,O,B,,O,B,,,O,,,,
child.ha,15,,,F,,A,,,,,5,5,,5,1,5,,1,5,,1,5,,,O,O,,O,O,O,,B,O,,B,O,,,,
child.ha,17,,8,M,,A,,,,,5,5,,1,5,5,,1,1,,5,5,,,O,O,,B,O,O,,B,B,,O,O,,,,
child.ha,18,,6,M,,A,,,,,5,5,,1,1,5,,1,1,,5,5,,,O,O,,B,B,O,,B,,,O,O,,,,
child.ha,19,,6,M,,A,,,,,1,1,,1,1,1,,1,1,,1,5,,,B,B,,B,B,O,,B,B,,B,O,,,,
child.ha,20,,8,M,,A,,,,,1,1,,1,1,1,,1,1,,5,5,,,B,B,,B,B,B,,B,B,,O,O,,,,
child.ha,21,,6,F,,A,,,,,5,5,,3,3,1,,1,1,,,3,,,,B,,O,B,O,,B,B,,O,,,,,
child.ha,29,,7,M,2,A,,,,,1,5,,1,5,1,,1,1,,5,5,,,O,O,,O,O,O,,B,B,,O,O,,,,
child.ha,30,,7,M,homeschool,A,,,,,1,1,,1,1,1,,1,1,,5,5,,,B,B,,B,B,B,,B,B,,O,,,,,
child.ha,31,,5,F,,A,,,,,5,5,,5,5,5,,5,5,,1,5,,,O,,,O,O,O,,O,O,,B,O,,,,
child.ha,32,,7,M,2,A,,,,,1,1,,1,1,1,,1,1,,1,5,,,B,B,,B,B,B,,B,B,,B,B,,,,
child.ha,33,,5,F,5,A,,,,,1,1,,1,1,1,,1,1,,1,1,,,B,B,,,B,B,,B,B,,B,B,,,,
child.ha,45,,5,F,,A,,,,,1,5,,5,5,5,,1,1,,5,1,,,B,B,,O,B,B,,B,B,,O,O,,,,
child.ha,47,,7,F,,A,,,,,5,1,,1,1,5,,1,1,,5,5,,,O,B,,B,B,O,,B,B,,O,O,,,,
child.ha,48,,6,F,,A,,,,,5,5,,5,5,1,,1,1,,5,5,,,O,B,,O,O,B,,B,B,,O,O,,,,
child.ha,49,,7,F,,A,,,,,1,5,,5,5,5,,1,5,,5,5,,,B,O,,O,O,O,,B,O,,O,O,,,,
child.ha,50,,5,F,,A,,,,,1,1,,1,1,5,,1,5,,1,1,,,O,B,,B,B,B,,B,B,,B,B,,,,
child.ha,51,,6,M,,A,,,,,1,1,,1,1,1,,1,1,,1,5,,,B,B,,O,B,B,,B,B,,B,B,,,,
child.ha,52,,8,M,,A,,,,,5,5,,5,1,5,,1,1,,5,5,,,O,O,,O,B,A,,B,B,,O,O,,,,
child.ha,53,,6,F,,A,,,,,1,1,,1,1,1,,1,1,,1,1,,,B,B,,B,B,B,,B,B,,B,O,,,,
child.ha,54,,8,F,,A,,,,,5,5,,1,1,1,,1,1,,5,1,,,O,O,,B,B,B,,B,B,,O,O,,,,
child.ha,55,,5,M,,A,,,,,5,5,,1,5,5,,1,1,,1,1,,,O,O,,B,O,O,,B,B,,B,B,,,,
child.ha,56,,5,F,,A,,,,,5,5,,1,5,5,,1,1,,1,1,,,O,O,,O,O,O,,O,O,,O,O,,,,
child.ha,57,,5,F,,A,,,,,5,5,,5,5,5,,5,5,,1,5,,,O,O,,B,O,O,,B,O,,B,O,,,,
child.ha,58,,7,M,,A,,,,,5,5,,5,5,5,,1,5,,5,5,,,O,B,,O,B,O,,B,O,,O,O,,,,
child.ha,79,,7,F,,A,,,,,1,1,,5,1,1,,1,1,,5,5,,,O,B,,O,B,B,,B,B,,O,T,,,,
child.ha,81,,7,M,2,A,,,,,1,1,,1,1,1,,1,1,,5,5,,,B,B,,B,B,B,,B,B,,O,O,,,,
child.ha,82,,5,F,K,A,,,,,5,5,,5,5,5,,5,5,,5,5,,,B,B,,B,B,B,,B,B,,B,B,,,,
child.ha,85,,5,M,Montessori,A,,,,,5,5,,5,5,5,,1,5,,5,5,,,O,O,,O,O,O,,B,O,,O,B,,,,
child.ha,87,,5,F,K,A,,,,,5,1,,1,5,1,,5,5,,1,1,,,B,O,,B,B,B,,B,O,,B,B,,,,
child.ha,88,,7,F,1,A,,,,,5,5,,1,5,5,,1,5,,5,5,,,O,O,,O,O,O,,B,O,,O,O,,,,
child.ha,89,,6,F,1,A,,,,,1,1,,5,1,1,,1,5,,5,5,,,B,B,,O,B,B,,B,O,,O,O,,,,
child.ha,90,,5,F,1,A,,,,,5,5,,1,5,5,,1,1,,5,5,,,B,B,,B,B,B,,B,B,,B,O,,,,
child.ha,95,,8,M,,A,,,,,5,5,,5,5,5,,1,1,,5,5,,,O,O,,O,O,T,,B,B,,O,O,,,,
child.ha,97,,6,F,,A,,,,,1,1,,1,1,1,,1,1,,1,1,,,B,B,,B,B,O,,B,B,,B,B,,,,
child.ha,98,,7,M,,A,,,,,1,1,,1,1,1,,1,5,,1,5,,,B,B,,B,B,B,,B,T,,B,O,,,,
child.ha,101,,6,F,,A,,,,,5,5,,5,5,5,,5,1,,5,5,,,O,O,,O,O,O,,B,O,,O,O,,,,
child.ha,1,,,,,H,,,,,5,5,,5,5,5,,5,5,,5,5,,,O,O,,O,O,O,,O,O,,O,O,,,,
child.ha,2,,,,,H,,,,,5,5,,5,5,5,,1,1,,5,5,,,T,O,,T,T,T,,B,B,,O,O,,,,
child.ha,3,,,,,H,,,,,5,5,,5,5,5,,1,1,,5,5,,,T,A,,O,,T,,B,,,T,T,,,,
child.ha,5,,,,,H,,,,,5,5,,1,5,5,,1,5,,5,5,,,O,O,,B,B,O,,B,O,,B,O,,,,
child.ha,11,,,,,H,,,,,5,5,,5,5,5,,1,1,,5,5,,,O,O,,O,O,O,,B,B,,O,O,,,,
child.ha,12,,,,,H,,,,,5,5,,1,5,5,,1,1,,5,5,,,O,O,,B,O,O,,B,O,,O,O,,,,
child.ha,13,,,,,H,,,,,1,5,,1,5,1,,5,1,,1,5,,,B,O,,B,O,B,,B,B,,B,O,,,,
child.ha,22,,6,F,,H,,,,,5,5,,5,1,5,,1,1,,5,5,,,O,O,,O,B,O,,B,O,,O,O,,,,
child.ha,23,,5,F,,H,,,,,5,5,,5,5,5,,1,1,,5,5,,,O,O,,O,O,O,,B,B,,O,O,,,,
child.ha,24,,6,F,,H,,,,,5,5,,5,5,5,,1,1,,5,5,,,O,O,,O,O,O,,B,B,,O,O,,,,
child.ha,25,,8,M,,H,,,,,5,5,,5,5,5,,5,5,,5,5,,,O,O,,O,O,O,,O,B,,O,O,,,,
child.ha,26,,8,F,,H,,,,,5,5,,5,5,5,,1,1,,5,5,,,O,O,,O,O,O,,B,O,,O,O,,,,
child.ha,34,,8,M,2,H,,,,,5,1,,1,1,5,,1,1,,5,5,,,O,O,,B,B,O,,B,B,,O,O,,,,
child.ha,35,,5,M,K,H,,,,,5,1,,1,5,5,,1,1,,5,5,,,O,B,,B,O,O,,O,B,,O,O,,,,
child.ha,36,,7,F,1,H,,,,,5,5,,5,5,5,,5,5,,5,5,,,O,O,,O,O,O,,O,O,,O,O,,,,
child.ha,37,,5,M,Pre-K,H,,,,,5,5,,1,5,5,,5,5,,5,5,,,O,O,,O,O,O,,O,O,,O,O,,,,
child.ha,39,,5,F,,H,,,,,5,5,,5,5,5,,5,5,,5,5,,,O,O,,O,O,O,,B,O,,O,B,,,,
child.ha,40,,5,F,,H,,,,,5,5,,1,1,5,,1,5,,1,5,,,B,O,,O,B,B,,B,B,,O,O,,,,
child.ha,41,,7,M,,H,,,,,5,5,,5,1,1,,5,5,,1,5,,,B,B,,B,B,B,,B,B,,B,B,,,,
child.ha,42,,5,F,,H,,,,,5,5,,5,5,5,,5,5,,5,5,,,B,B,,A,B,A,,B,B,,A,B,,,,
child.ha,43,,6,M,,H,,,,,5,5,,5,5,5,,1,5,,5,5,,,O,O,,O,O,O,,B,O,,O,O,,,,
child.ha,59,,8,F,,H,,,,,1,1,,5,1,1,,1,1,,5,5,,,B,B,,O,B,B,,B,B,,O,O,,,,
child.ha,60,,7,M,,H,,,,,1,5,,5,1,5,,1,1,,5,5,,,B,O,,O,B,O,,B,B,,O,O,,,,
child.ha,61,,6,M,,H,,,,,5,5,,5,5,5,,1,5,,5,5,,,O,O,,O,O,O,,B,B,,O,B,,,,
child.ha,62,,6,F,,H,,,,,5,5,,5,5,5,,5,5,,5,1,,,B,B,,B,B,B,,B,B,,B,O,,,,
child.ha,63,,,,,H,,,,,5,5,,5,5,5,,5,5,,5,5,,,B,B,,B,B,B,,A,B,,A,A,,,,
child.ha,64,,5,F,,H,,,,,5,5,,5,5,5,,5,5,,5,5,,,O,O,,O,O,O,,B,B,,O,B,,,,
child.ha,65,,5,F,,H,,,,,5,5,,5,5,5,,5,5,,5,5,,,B,B,,B,B,O,,O,T,,B,B,,,,
child.ha,66,,5,M,,H,,,,,5,5,,5,5,5,,1,5,,5,5,,,T,O,,B,B,B,,B,B,,B,O,,,,
child.ha,67,,7,M,,H,,,,,5,5,,1,1,1,,1,1,,1,5,,,O,O,,B,B,B,,B,B,,B,O,,,,
child.ha,68,,6,M,,H,,,,,5,5,,3,1,1,,1,5,,1,1,,,O,O,,,B,B,,B,O,,B,O,,,,
child.ha,69,,5,F,,H,,,,,5,5,,5,5,5,,5,5,,5,5,,,O,O,,O,O,O,,B,B,,O,O,,,,
child.ha,70,,6,M,,H,,,,,5,5,,5,5,5,,1,5,,5,1,,,B,B,,B,B,T,,B,T,,B,O,,,,
child.ha,71,,6,M,,H,,,,,5,5,,5,5,5,,5,5,,5,5,,,B,B,,B,B,B,,B,B,,B,B,,,,
child.ha,72,,5,F,,H,,,,,1,1,,1,1,1,,1,1,,1,1,,,B,B,,B,B,B,,B,B,,B,B,,,,
child.ha,73,,5,F,,H,,,,,5,5,,5,5,5,,1,5,,5,5,,,O,O,,O,O,O,,B,O,,O,O,,,,
child.ha,74,,6,M,,H,,,,,1,5,,5,1,5,,1,1,,1,1,,,B,O,,O,B,O,,B,B,,B,B,,,,
child.ha,75,,7,M,,H,,,,,1,5,,1,5,5,,1,1,,1,5,,,B,B,,B,B,B,,B,B,,B,O,,,,
child.ha,76,,5,F,,H,,,,,5,5,,5,5,5,,5,5,,5,5,,,O,O,,O,O,O,,O,O,,O,O,,,,
child.ha,77,,6,F,,H,,,,,1,1,,1,1,1,,1,1,,1,5,,,B,B,,B,B,B,,B,B,,B,O,,,,